valor,prediccion,valor_real,error,error_promedio,desviacion_estandar,error_relativo_porcentual
0,25.353102,24.887999999999998,0.46510173034668156,0.46510173034668156,0.0,1.868779051537615
1,24.37956,18.890399999999996,5.489160470581059,5.489160470581059,0.0,29.05793667990651
2,22.157557,19.05504,3.102516533813475,3.102516533813475,0.0,16.281868386597324
3,19.990076,19.461,0.529076065063478,0.529076065063478,0.0,2.7186478858408
4,18.51168,17.475,1.0366806030273423,1.0366806030273423,0.0,5.932363965821701
5,17.678246,16.386,1.2922455444335945,1.2922455444335945,0.0,7.886278191343797
6,16.978056,23.1246,-6.146544046020509,6.146544046020509,0.0,26.58010969279688
7,24.594519,23.46216,1.1323586614990226,1.1323586614990226,0.0,4.826318896039506
8,27.115519,23.979000000000003,3.1365185699462863,3.1365185699462863,0.0,13.080272613312841
9,29.306099,28.104,1.202098937988282,1.202098937988282,0.0,4.2773232920163755
10,29.770458,30.63,-0.8595417785644521,0.8595417785644521,0.0,2.8062088754960897
11,30.379166,33.171,-2.791834350585937,2.791834350585937,0.0,8.41649136470392
12,33.036133,34.929,-1.892867187500002,1.892867187500002,0.0,5.4191851684846455
13,33.917908,36.165,-2.247092285156249,2.247092285156249,0.0,6.213444725995435
14,35.96278,36.786,-0.8232200012207045,0.8232200012207045,0.0,2.2378622335146643
15,35.978462,37.293,-1.314537780761718,1.314537780761718,0.0,3.5248914830175044
16,37.321728,38.217,-0.8952722473144519,0.8952722473144519,0.0,2.3426021072152494
17,36.64918,38.625,-1.9758186340332031,1.9758186340332031,0.0,5.115388049276901
18,39.614716,38.385000000000005,1.2297155761718699,1.2297155761718699,0.0,3.2036357331558416
19,39.52785,37.491,2.0368511047363285,2.0368511047363285,0.0,5.432906843606008
20,39.238453,36.21,3.0284529113769523,3.0284529113769523,0.0,8.36358163871017
21,39.033043,35.253,3.7800429077148436,3.7800429077148436,0.0,10.722613416488933
22,38.5476,34.656,3.89159979248047,3.89159979248047,0.0,11.229223777933028
23,38.237152,33.603,4.6341520996093735,4.6341520996093735,0.0,13.79088801478848
24,35.069366,33.303,1.7663664550781277,1.7663664550781277,0.0,5.303925937837816
25,33.54521,33.723,-0.17778820800781148,0.17778820800781148,0.0,0.5272016368882112
26,34.710987,35.364,-0.6530129089355441,0.6530129089355441,0.0,1.846547078768081
27,33.178043,37.217999999999996,-4.039956634521481,4.039956634521481,0.0,10.854846134992426
28,34.863407,38.322,-3.458592864990237,3.458592864990237,0.0,9.02508445537873
29,37.558712,39.18,-1.6212879943847653,1.6212879943847653,0.0,4.138050011191336
30,39.83048,38.873999999999995,0.9564786682128954,0.9564786682128954,0.0,2.460458579546472
31,40.78368,39.405,1.378679962158202,1.378679962158202,0.0,3.498743718203786
32,40.827023,40.035,0.7920225524902378,0.7920225524902378,0.0,1.9783253465473656
33,40.819447,40.403999999999996,0.41544656372070676,0.41544656372070676,0.0,1.0282312734400227
34,40.751484,39.795,0.9564839172363264,0.9564839172363264,0.0,2.403527873442207
35,40.59735,39.135,1.462351074218752,1.462351074218752,0.0,3.7366834654880594
36,40.106174,38.457,1.6491744689941399,1.6491744689941399,0.0,4.288359645822971
37,39.12909,37.692,1.4370893554687498,1.4370893554687498,0.0,3.8127171693429633
38,38.08763,38.882999999999996,-0.7953687744140581,0.7953687744140581,0.0,2.045543745117553
39,37.281727,39.054,-1.772273162841799,1.772273162841799,0.0,4.538006767147537
40,37.227123,38.571,-1.343876739501951,1.343876739501951,0.0,3.4841635931190567
41,37.284924,37.766999999999996,-0.48207644653319903,0.48207644653319903,0.0,1.2764488747668576
42,37.104603,35.916,1.1886028137207063,1.1886028137207063,0.0,3.3093964075083706
43,36.019043,34.202999999999996,1.8160429687500041,1.8160429687500041,0.0,5.309601405578471
44,34.43828,33.459,0.9792781982421843,0.9792781982421843,0.0,2.9268005566280646
45,32.815544,32.412000000000006,0.4035441284179626,0.4035441284179626,0.0,1.2450454412500387
46,31.263288,31.224,0.03928849792480449,0.03928849792480449,0.0,0.12582788215732926
47,30.170485,30.342000000000002,-0.17151545715332261,0.17151545715332261,0.0,0.5652740661568868
48,29.043867,28.878,0.16586711120605457,0.16586711120605457,0.0,0.5743718789599508
49,27.939917,27.987000000000002,-0.04708338928222844,0.04708338928222844,0.0,0.16823306993328488
50,26.866308,27.336,-0.4696917877197251,0.4696917877197251,0.0,1.718216958295746
51,26.066616,26.283,-0.21638394165039188,0.21638394165039188,0.0,0.8232847911212262
52,25.233515,25.389000000000003,-0.15548521423340134,0.15548521423340134,0.0,0.6124117304084498
53,24.567883,23.967,0.6008825378417981,0.6008825378417981,0.0,2.507124537246206
54,23.625349,22.223999999999997,1.401349044799808,1.401349044799808,0.0,6.305566256298634
55,22.439556,20.808,1.631556121826172,1.631556121826172,0.0,7.841004045685179
56,21.133385,19.347,1.7863847045898424,1.7863847045898424,0.0,9.233393831549295
57,19.729452,18.12,1.60945213317871,1.60945213317871,0.0,8.882186165445418
58,18.497248,16.887,1.610247695922851,1.610247695922851,0.0,9.535427819759882
59,24.555552,16.281000000000002,8.274551528930662,8.274551528930662,0.0,50.82336176482194
60,25.41788,15.888,9.529879104614258,9.529879104614258,0.0,59.981615713835964
61,23.475506,15.428999999999998,8.046505828857423,8.046505828857423,0.0,52.15182985843169
62,21.839891,15.24,6.59989143371582,6.59989143371582,0.0,43.306374236980446
63,18.527472,14.412,4.115471542358398,4.115471542358398,0.0,28.55586693282263
64,18.61973,13.683,4.936729995727539,4.936729995727539,0.0,36.07929544491368
65,16.15677,13.305,2.851770706176758,2.851770706176758,0.0,21.433827179081234
66,17.276716,12.999,4.277716232299804,4.277716232299804,0.0,32.90804086698826
67,14.13409,12.825,1.309090423583985,1.309090423583985,0.0,10.20733273749696
68,13.313443,12.513000000000002,0.8004431838989241,0.8004431838989241,0.0,6.396892702780501
69,10.918041,11.868000000000002,-0.9499587707519552,0.9499587707519552,0.0,8.004371172497093
70,13.660045,11.4,2.26004467010498,2.26004467010498,0.0,19.824953246534914
71,13.055684,11.25,1.8056840896606445,1.8056840896606445,0.0,16.050525241427952
72,12.478297,11.120999999999999,1.3572972335815443,1.3572972335815443,0.0,12.204812818825147
73,12.956794,11.232,1.7247937850952155,1.7247937850952155,0.0,15.356070023995866
74,12.332325,11.139,1.1933249816894538,1.1933249816894538,0.0,10.71303511706126
75,13.252061,10.947,2.3050608901977547,2.3050608901977547,0.0,21.05655330408107
76,11.117603,10.896,0.22160330200195233,0.22160330200195233,0.0,2.0338041666845843
77,10.212572,11.016,-0.8034279022216797,0.8034279022216797,0.0,7.293281610581697
78,11.299408,11.328,-0.028592041015624403,0.028592041015624403,0.0,0.25240149201645834
79,9.419943,9.210600000000001,0.2093428558349597,0.2093428558349597,0.0,2.272847109145546
80,9.295394,9.94848,-0.6530860562133789,0.6530860562133789,0.0,6.56468180278172
81,9.904023,10.947000000000001,-1.0429768295288095,1.0429768295288095,0.0,9.527512830262259
82,10.044602,10.824,-0.7793976058959959,0.7793976058959959,0.0,7.200643069992571
83,10.2029915,10.905000000000001,-0.702008514404298,0.702008514404298,0.0,6.437492108246657
84,10.486604,11.196000000000002,-0.7093962631225601,0.7093962631225601,0.0,6.336158120065738
85,10.72296,14.243400000000001,-3.5204395278930676,3.5204395278930676,0.0,24.716286335376857
86,11.531452,13.500960000000003,-1.9695078210449246,1.9695078210449246,0.0,14.587909460104498
87,12.757142,12.530999999999999,0.2261420669555676,0.2261420669555676,0.0,1.804660976423012
88,12.959815,12.777000000000001,0.18281502532958882,0.18281502532958882,0.0,1.430813378176323
89,12.807421,12.639,0.16842073059082097,0.16842073059082097,0.0,1.3325479119457313
90,12.343986,12.581999999999999,-0.23801444244384662,0.23801444244384662,0.0,1.8917059485284267
91,11.842794,12.648000000000001,-0.8052055816650405,0.8052055816650405,0.0,6.3662680397299205
92,11.660167,12.642,-0.981833259582519,0.981833259582519,0.0,7.766439325917728
93,11.46901,12.890999999999998,-1.4219896469116193,1.4219896469116193,0.0,11.030871514324875
94,11.968219,13.134,-1.1657811965942386,1.1657811965942386,0.0,8.876056011833704
95,11.777833,13.581,-1.803167015075683,1.803167015075683,0.0,13.277129924716025
96,12.058268,13.938,-1.8797324066162115,1.8797324066162115,0.0,13.486385468619682
97,12.64479,14.466,-1.8212103042602532,1.8212103042602532,0.0,12.589591485277571
98,13.427298,14.751,-1.3237024078369135,1.3237024078369135,0.0,8.973645229726213
99,13.666418,14.904,-1.2375819244384765,1.2375819244384765,0.0,8.303689777499171
100,14.147616,15.168,-1.020383613586425,1.020383613586425,0.0,6.727212642315567
101,14.597658,14.904,-0.3063418426513671,0.3063418426513671,0.0,2.0554337268610245
102,14.830386,14.736,0.09438616180419857,0.09438616180419857,0.0,0.6405141273357666
103,14.506409,14.682,-0.17559130859375038,0.17559130859375038,0.0,1.1959631425810542
104,14.310349,14.565000000000001,-0.2546505355834974,0.2546505355834974,0.0,1.7483730558427557
105,14.481872,14.523,-0.041128395080566094,0.041128395080566094,0.0,0.28319489830314737
106,14.361909,14.498999999999999,-0.13709108734130737,0.13709108734130737,0.0,0.9455209831113001
107,14.396723,14.487,-0.09027720642089854,0.09027720642089854,0.0,0.6231601188713919
108,14.352534,14.649,-0.29646570587158116,0.29646570587158116,0.0,2.0237948383615345
109,14.686903,14.966999999999999,-0.28009700012206906,0.28009700012206906,0.0,1.87143048120578
110,14.766315,23.5722,-8.80588453979492,8.80588453979492,0.0,37.357075452418194
111,24.240667,32.30459999999999,-8.063932656860345,8.063932656860345,0.0,24.962180794253285
112,31.715826,31.564799999999998,0.15102603454590025,0.15102603454590025,0.0,0.47846346102589044
113,35.574673,32.643,2.9316726989746087,2.9316726989746087,0.0,8.981014915830679
114,38.57775,35.339999999999996,3.2377511596679724,3.2377511596679724,0.0,9.161718052257987
115,37.24185,36.957,0.28485180664062426,0.28485180664062426,0.0,0.7707655021798963
116,37.855717,38.094,-0.23828329467773557,0.23828329467773557,0.0,0.6255139777333322
117,37.95481,40.209,-2.254188903808597,2.254188903808597,0.0,5.606179969182514
118,40.74684,42.059999999999995,-1.3131585693359327,1.3131585693359327,0.0,3.1221078681310814
119,39.623287,43.11,-3.486712799072265,3.486712799072265,0.0,8.087944326310057
120,42.802567,43.644,-0.8414334716796859,0.8414334716796859,0.0,1.9279476484274722
121,42.166588,43.70099999999999,-1.5344121704101497,1.5344121704101497,0.0,3.511160317636095
122,45.792427,43.278,2.5144270629882826,2.5144270629882826,0.0,5.809942841601466
123,44.1667,43.014,1.152698455810544,1.152698455810544,0.0,2.6798215832299808
124,44.593494,43.632,0.9614944152832052,0.9614944152832052,0.0,2.2036450661972986
125,45.24677,44.333999999999996,0.9127689514160195,0.9127689514160195,0.0,2.0588463739252485
126,45.857883,45.075,0.7828834533691378,0.7828834533691378,0.0,1.736846263714116
127,47.436214,44.982,2.454214447021485,2.454214447021485,0.0,5.45599227918164
128,45.54142,44.124,1.417419982910154,1.417419982910154,0.0,3.212356048658675
129,44.966667,43.677,1.2896671752929691,1.2896671752929691,0.0,2.952737539879042
130,46.299065,42.768,3.531064636230468,3.531064636230468,0.0,8.256323971732295
131,43.325104,43.44,-0.11489624023437273,0.11489624023437273,0.0,0.2644941073535284
132,42.89605,43.554,-0.6579505004882833,0.6579505004882833,0.0,1.5106545908258329
133,43.5392,43.776,-0.23680017089844085,0.23680017089844085,0.0,0.5409360629076225
134,44.376175,45.477000000000004,-1.1008250732421914,1.1008250732421914,0.0,2.420619375161491
135,45.270317,47.412,-2.1416829223632803,2.1416829223632803,0.0,4.517174813050031
136,46.293655,50.1,-3.806344604492189,3.806344604492189,0.0,7.597494220543291
137,47.806976,50.187,-2.3800236816406226,2.3800236816406226,0.0,4.742311119693592
138,49.296185,48.647999999999996,0.6481845397949257,0.6481845397949257,0.0,1.3323970970953087
139,49.49283,46.296,3.1968283691406256,3.1968283691406256,0.0,6.905193470581963
140,48.329,43.38,4.948998565673826,4.948998565673826,0.0,11.408479865545932
141,45.76733,41.619,4.148330169677735,4.148330169677735,0.0,9.967395107229233
142,42.767868,40.863,1.904868041992188,1.904868041992188,0.0,4.661596167663138
143,40.390488,39.603,0.787487670898436,0.787487670898436,0.0,1.9884545890423349
144,38.651814,38.562,0.08981350708008051,0.08981350708008051,0.0,0.23290676593558562
145,37.645493,37.908,-0.26250744628906375,0.26250744628906375,0.0,0.6924856132981527
146,36.577656,36.276,0.30165579223632477,0.30165579223632477,0.0,0.8315574821819516
147,35.49068,35.516999999999996,-0.026319305419917782,0.026319305419917782,0.0,0.07410340237046424
148,34.427032,34.098,0.329032470703126,0.329032470703126,0.0,0.9649612021324595
149,33.276814,32.843999999999994,0.43281350708008404,0.43281350708008404,0.0,1.3177856140545734
150,32.08921,31.878,0.21121051025390614,0.21121051025390614,0.0,0.6625588501596904
151,31.080622,30.668999999999997,0.41162171936035463,0.41162171936035463,0.0,1.3421426174976512
152,29.867702,30.111,-0.24329751586914128,0.24329751586914128,0.0,0.8080021117503281
153,28.772787,29.064,-0.2912129058837891,0.2912129058837891,0.0,1.0019711873237998
154,27.812984,28.775999999999996,-0.9630155334472619,0.9630155334472619,0.0,3.3465927628831738
155,26.964712,28.058999999999997,-1.0942878570556616,1.0942878570556616,0.0,3.8999531596124655
156,26.47272,27.186,-0.7132808074951171,0.7132808074951171,0.0,2.623706346998886
157,25.804354,26.105999999999998,-0.3016462860107403,0.3016462860107403,0.0,1.1554672719326604
158,25.29508,19.873799999999996,5.421280184936528,5.421280184936528,0.0,27.278528439133577
159,23.477722,19.88736,3.590362167968749,3.590362167968749,0.0,18.053488084736983
160,21.545208,19.473,2.072207977294923,2.072207977294923,0.0,10.641441880012957
161,19.814901,17.679000000000002,2.135901351928709,2.135901351928709,0.0,12.081573346505508
162,18.753454,21.8946,-3.141145791625977,3.141145791625977,0.0,14.346669003434531
163,27.053442,21.53244,5.521002001342772,5.521002001342772,0.0,25.640391898655107
164,29.822386,21.339,8.483385787963869,8.483385787963869,0.0,39.75531087662903
165,28.88005,23.088,5.7920506591796865,5.7920506591796865,0.0,25.086844504416522
166,29.079052,23.841,5.238051971435546,5.238051971435546,0.0,21.97077291823139
167,26.46212,24.264,2.1981200561523444,2.1981200561523444,0.0,9.059182559150775
168,27.36829,24.378,2.9902899475097655,2.9902899475097655,0.0,12.266346490728385
169,26.717556,25.251,1.4665559997558582,1.4665559997558582,0.0,5.807912556951638
170,28.412643,26.421,1.9916434326171881,1.9916434326171881,0.0,7.538107689403081
171,26.020157,26.844,-0.8238431396484387,0.8238431396484387,0.0,3.0690029043676006
172,26.894838,27.177,-0.2821616668701168,0.2821616668701168,0.0,1.038236990359925
173,25.431108,26.736,-1.3048915252685553,1.3048915252685553,0.0,4.880653520603513
174,29.029661,26.658,2.371661178588866,2.371661178588866,0.0,8.896620821475226
175,28.37199,27.285,1.0869902038574217,1.0869902038574217,0.0,3.9838380203680477
176,28.542566,28.029,0.5135662994384766,0.5135662994384766,0.0,1.8322676493577248
177,29.93693,29.619,0.3179297027587893,0.3179297027587893,0.0,1.07339782828181
178,30.446896,30.129,0.31789559936523304,0.31789559936523304,0.0,1.0551150033696208
179,32.60721,29.925,2.6822082519531243,2.6822082519531243,0.0,8.963101927997073
180,31.174496,29.922,1.2524956970214838,1.2524956970214838,0.0,4.18586891591967
181,30.910503,30.078,0.8325033874511725,0.8325033874511725,0.0,2.767814972575213
182,32.126053,31.125,1.0010528564453125,1.0010528564453125,0.0,3.216234076932731
183,29.730917,32.019,-2.2880830230712874,2.2880830230712874,0.0,7.146016499801017
184,30.880634,32.211,-1.3303656921386704,1.3303656921386704,0.0,4.13015954841101
185,32.609055,31.752,0.8570545654296886,0.8570545654296886,0.0,2.6992144287909063
186,33.982597,30.689999999999998,3.292597351074221,3.292597351074221,0.0,10.728567452180584
187,33.58216,30.444,3.138160949707032,3.138160949707032,0.0,10.307978418430668
188,32.41358,30.561,1.8525818481445313,1.8525818481445313,0.0,6.061915016342827
189,31.356167,30.330000000000002,1.0261668395996075,1.0261668395996075,0.0,3.383339398613938
190,30.68379,30.237000000000002,0.4467902069091778,0.4467902069091778,0.0,1.477627432976743
191,30.454725,29.16,1.2947252655029295,1.2947252655029295,0.0,4.440072926964779
192,30.121923,27.075,3.046923446655274,3.046923446655274,0.0,11.25364153889298
193,29.077148,25.275,3.8021484375000014,3.8021484375000014,0.0,15.043119436201788
194,27.311016,23.340000000000003,3.9710160827636685,3.9710160827636685,0.0,17.013779274908604
195,24.966682,22.470000000000002,2.496682434082029,2.496682434082029,0.0,11.111181282074003
196,22.945103,22.002000000000002,0.9431026916503882,0.9431026916503882,0.0,4.286440740161749
197,21.639305,21.198,0.44130511474609335,0.44130511474609335,0.0,2.0818242982644275
198,20.772083,20.61,0.1620832824707037,0.1620832824707037,0.0,0.7864302885526623
199,20.32669,19.866,0.46069067382812534,0.46069067382812534,0.0,2.3189906062021812
200,19.805822,19.488,0.3178223724365239,0.3178223724365239,0.0,1.6308619275273188
201,19.235308,19.959,-0.7236923065185543,0.7236923065185543,0.0,3.625894616556713
202,19.025032,15.9462,3.078832043457032,3.078832043457032,0.0,19.30762215108949
203,17.987179,17.114400000000003,0.872778802490231,0.872778802490231,0.0,5.099675141928615
204,17.215506,18.858,-1.6424944000244146,1.6424944000244146,0.0,8.709801675810874
205,16.909473,18.15,-1.2405265808105455,1.2405265808105455,0.0,6.83485719454846
206,17.357437,18.312,-0.9545628662109387,0.9545628662109387,0.0,5.212772314389136
207,17.968071,17.856,0.1120709838867171,0.1120709838867171,0.0,0.6276376785770447
208,18.079014,17.181,0.8980138244628897,0.8980138244628897,0.0,5.226784380786274
209,17.7476,20.751,-3.0033994445800793,3.0033994445800793,0.0,14.473516671871616
210,18.66019,18.76596,-0.10576941772460913,0.10576941772460913,0.0,0.5636238046154267
211,18.5531,16.779,1.7741005859375,1.7741005859375,0.0,10.573339209353955
212,18.840504,16.758,2.082503692626954,2.082503692626954,0.0,12.426922619805191
213,18.128204,16.416,1.7122043457031246,1.7122043457031246,0.0,10.430094698483947
214,17.40368,24.168599999999998,-6.764919198608396,6.764919198608396,0.0,27.990529855301492
215,26.79423,24.76032,2.033909507446289,2.033909507446289,0.0,8.214391039559622
216,32.099285,24.500999999999998,7.598285125732424,7.598285125732424,0.0,31.012142874708886
217,32.245018,27.72,4.525018005371095,4.525018005371095,0.0,16.324018778395004
218,33.870613,29.148000000000003,4.722613098144528,4.722613098144528,0.0,16.202185735366157
219,31.42228,30.573,0.8492793579101559,0.8492793579101559,0.0,2.7778738033891206
220,32.6854,32.688,-0.0026018981933617624,0.0026018981933617624,0.0,0.007959796235198734
221,33.320843,34.077,-0.7561572570800763,0.7561572570800763,0.0,2.2189666258182243
222,36.03226,35.385,0.6472608947753926,0.6472608947753926,0.0,1.8291956896294832
223,34.776337,36.039,-1.2626633300781265,1.2626633300781265,0.0,3.5036025696554467
224,36.65807,36.267,0.3910696105957001,0.3910696105957001,0.0,1.0783070300705877
225,35.29267,36.615,-1.3223287963867207,1.3223287963867207,0.0,3.6114401103010256
226,39.128834,36.822,2.3068337707519504,2.3068337707519504,0.0,6.264824753549374
227,37.925846,36.843,1.082846099853512,1.082846099853512,0.0,2.939082321888858
228,38.185474,36.714,1.4714743957519545,1.4714743957519545,0.0,4.00793810467929
229,39.703354,35.691,4.012353881835935,4.012353881835935,0.0,11.241920601372712
230,39.31669,34.824,4.492688537597658,4.492688537597658,0.0,12.901127204220245
231,39.38168,34.212,5.169679534912106,5.169679534912106,0.0,15.110720024880466
232,35.688766,34.56,1.1287664794921852,1.1287664794921852,0.0,3.266106711493591
233,34.34248,35.835,-1.492520294189454,1.492520294189454,0.0,4.164979194054567
234,36.118214,36.195,-0.07678634643554716,0.07678634643554716,0.0,0.21214628107624578
235,34.300163,36.684,-2.3838367309570287,2.3838367309570287,0.0,6.498300978511145
236,36.151623,35.888999999999996,0.2626227722168011,0.2626227722168011,0.0,0.7317639728518519
237,37.522835,35.136,2.3868347778320285,2.3868347778320285,0.0,6.793131767509188
238,37.886703,34.59,3.296703491210934,3.296703491210934,0.0,9.530799338568759
239,36.89075,34.578,2.3127508850097627,2.3127508850097627,0.0,6.688503918704848
240,35.672874,34.692,0.9808744506835936,0.9808744506835936,0.0,2.8273793689715023
241,35.062977,34.887,0.17597683715820267,0.17597683715820267,0.0,0.504419517752179
242,35.074753,34.734,0.34075280761718574,0.34075280761718574,0.0,0.9810353187573723
243,34.936913,34.851,0.08591253662109466,0.08591253662109466,0.0,0.24651383495766163
244,34.969868,35.541,-0.5711322937011687,0.5711322937011687,0.0,1.6069674283255078
245,34.744526,36.618,-1.873474090576174,1.873474090576174,0.0,5.116265472107089
246,34.97641,29.814600000000006,5.161809912109369,5.161809912109369,0.0,17.31302755062744
247,33.529545,31.756200000000003,1.7733448303222623,1.7733448303222623,0.0,5.584247581014926
248,32.05374,33.723,-1.669258544921874,1.669258544921874,0.0,4.949911173151481
249,30.985094,31.665,-0.6799059295654288,0.6799059295654288,0.0,2.1471843662258925
250,30.850697,31.752,-0.9013034362792958,0.9013034362792958,0.0,2.838572172711312
251,30.708725,31.764000000000003,-1.0552750244140654,1.0552750244140654,0.0,3.3222359413614946
252,30.533363,32.484,-1.9506366577148455,1.9506366577148455,0.0,6.004915212765809
253,30.12245,32.802,-2.67955012512207,2.67955012512207,0.0,8.168862036223615
254,30.806658,31.98,-1.1733422088623051,1.1733422088623051,0.0,3.6689875198946376
255,29.59867,31.167,-1.5683309478759782,1.5683309478759782,0.0,5.032024089184003
256,29.76053,29.586,0.1745304718017593,0.1745304718017593,0.0,0.58990898330886
257,29.25488,27.744,1.5108809051513674,1.5108809051513674,0.0,5.445793343250315
258,27.738998,26.682,1.056998413085939,1.056998413085939,0.0,3.961466206003819
259,26.161613,25.541999999999998,0.6196134643554707,0.6196134643554707,0.0,2.4258611868901054
260,25.14593,24.531,0.6149293365478528,0.6149293365478528,0.0,2.506743861024226
261,24.483614,23.994,0.48961396789550804,0.48961396789550804,0.0,2.0405683416500295
262,23.255413,23.028,0.22741305541992318,0.22741305541992318,0.0,0.9875501798676533
263,22.606133,22.064999999999998,0.541132507324221,0.541132507324221,0.0,2.4524473479457107
264,22.21482,21.549,0.6658208618164068,0.6658208618164068,0.0,3.0897993494659
265,21.933744,20.742,1.1917444305419913,1.1917444305419913,0.0,5.745561809574733
266,20.863365,29.7714,-8.908034826660156,8.908034826660156,0.0,29.921450877890045
267,31.63205,39.21228,-7.580230439453125,7.580230439453125,0.0,19.33126673443402
268,39.345936,35.8488,3.497135821533206,3.497135821533206,0.0,9.755238171244802
269,41.63503,36.531,5.104028839111329,5.104028839111329,0.0,13.971774216723684
270,44.263508,38.217,6.046507843017579,6.046507843017579,0.0,15.821513575156551
271,42.2252,38.823,3.4022006530761715,3.4022006530761715,0.0,8.763363606821141
272,41.894936,49.869,-7.9740643920898435,7.9740643920898435,0.0,15.990022643505672
273,44.84131,47.45891999999999,-2.617611406249992,2.617611406249992,0.0,5.515530918634457
274,48.11458,45.378,2.7365782470703124,2.7365782470703124,0.0,6.030627720636239
275,47.124653,48.324,-1.19934713745117,1.19934713745117,0.0,2.4818871315519617
276,50.449234,51.504000000000005,-1.0547659912109424,1.0547659912109424,0.0,2.047930240779245
277,48.5694,54.438,-5.868599212646487,5.868599212646487,0.0,10.780335818080177
278,54.181103,55.359,-1.1778972473144549,1.1778972473144549,0.0,2.1277429998996635
279,54.897762,57.237,-2.3392377014160175,2.3392377014160175,0.0,4.086932755762911
280,56.572826,58.544999999999995,-1.9721736145019477,1.9721736145019477,0.0,3.3686456819573793
281,60.51014,58.218,2.2921394653320277,2.2921394653320277,0.0,3.937166280758576
282,61.336613,58.578,2.7586127014160127,2.7586127014160127,0.0,4.70929820310699
283,62.256718,58.305,3.951717681884766,3.951717681884766,0.0,6.7776651777459325
284,58.798195,56.613,2.1851948852539067,2.1851948852539067,0.0,3.8598818032146447
285,57.72892,57.212999999999994,0.5159199829101624,0.5159199829101624,0.0,0.9017530682015669
286,58.49706,58.905,-0.407941131591798,0.407941131591798,0.0,0.6925407547607131
287,56.133575,58.023,-1.8894245605468782,1.8894245605468782,0.0,3.25633724651755
288,57.1827,58.296,-1.1132988891601556,1.1132988891601556,0.0,1.9097346115688136
289,57.62193,58.11900000000001,-0.497070831298835,0.497070831298835,0.0,0.8552639090466715
290,57.606068,57.55200000000001,0.05406765747069642,0.05406765747069642,0.0,0.09394574901080138
291,57.45831,58.407,-0.9486908264160121,0.9486908264160121,0.0,1.6242759025733424
292,57.746826,57.876,-0.12917382812499767,0.12917382812499767,0.0,0.22319066301229817
293,56.433716,56.403,0.030715820312501307,0.030715820312501307,0.0,0.0544577776226465
294,55.863274,54.12,1.7432736206054713,1.7432736206054713,0.0,3.2211264238829846
295,54.327038,41.818799999999996,12.508237811279301,12.508237811279301,0.0,29.910561305631205
296,50.14304,43.00896,7.134079703369139,7.134079703369139,0.0,16.58742667427703
297,45.28582,46.164,-0.8781799926757827,0.8781799926757827,0.0,1.9023048104059064
298,41.5291,45.387,-3.857901489257813,3.857901489257813,0.0,8.500014297613442
299,41.00662,45.555,-4.54838150024414,4.54838150024414,0.0,9.984373834363167
300,41.85445,44.907000000000004,-3.0525497741699255,3.0525497741699255,0.0,6.7974920929252125
301,42.85166,45.099,-2.2473383178710904,2.2473383178710904,0.0,4.983122281804675
302,42.584328,44.046,-1.4616723022460931,1.4616723022460931,0.0,3.318513150447471
303,42.801853,43.668,-0.8661468200683586,0.8661468200683586,0.0,1.983481771705502
304,40.424503,43.53,-3.1054966735839855,3.1054966735839855,0.0,7.134152707521216
305,40.426376,42.357,-1.9306236572265618,1.9306236572265618,0.0,4.557980162019411
306,39.907616,41.607,-1.6993843383789056,1.6993843383789056,0.0,4.084371231713186
307,38.911335,40.17,-1.2586650085449236,1.2586650085449236,0.0,3.1333458017050626
308,37.333595,38.664,-1.3304047241210952,1.3304047241210952,0.0,3.4409391788772377
309,36.313385,36.855,-0.5416149902343719,0.5416149902343719,0.0,1.4695834764194056
310,35.406254,34.376999999999995,1.0292538146972703,1.0292538146972703,0.0,2.9940187180302833
311,33.000965,26.3418,6.659165118408204,6.659165118408204,0.0,25.279840855249848
312,30.180725,26.29368,3.8870450976562516,3.8870450976562516,0.0,14.783191617363
313,27.697973,26.564999999999998,1.1329732513427757,1.1329732513427757,0.0,4.264909660616509
314,25.796696,19.893599999999996,5.90309570922852,5.90309570922852,0.0,29.673340718766443
315,23.572924,20.0706,3.5023236602783214,3.5023236602783214,0.0,17.45001973173857
316,22.24985,20.586,1.6638493194580093,1.6638493194580093,0.0,8.082431358486396
317,20.664112,19.244999999999997,1.4191120910644557,1.4191120910644557,0.0,7.373926168170724
318,20.371815,31.059599999999996,-10.687785272216793,10.687785272216793,0.0,34.410569589488574
319,31.572392,42.50844,-10.936048489990235,10.936048489990235,0.0,25.726769766169337
320,39.31567,39.6612,-0.3455299865722665,0.3455299865722665,0.0,0.8712040648600308
321,43.409054,42.027,1.3820538024902334,1.3820538024902334,0.0,3.2884902621891485
322,48.198376,44.493,3.7053757019042948,3.7053757019042948,0.0,8.32799699257028
323,48.30833,45.120000000000005,3.1883305358886673,3.1883305358886673,0.0,7.06633540755467
324,48.27953,46.227000000000004,2.0525295715331993,2.0525295715331993,0.0,4.440109830906612
325,49.79663,46.68,3.1166308593750003,3.1166308593750003,0.0,6.676587102345759
326,50.42741,47.763,2.6644101257324238,2.6644101257324238,0.0,5.578397767586676
327,47.150707,48.647999999999996,-1.4972927551269493,1.4972927551269493,0.0,3.077809478553999
328,50.331078,50.634,-0.3029224243164066,0.3029224243164066,0.0,0.5982589254580056
329,49.299126,52.986,-3.6868743286132784,3.6868743286132784,0.0,6.958204674089908
330,54.28415,54.495,-0.21085083007812244,0.21085083007812244,0.0,0.3869177540657353
331,53.640545,55.419,-1.778455108642575,1.778455108642575,0.0,3.209107181007552
332,56.38282,55.193999999999996,1.1888201293945357,1.1888201293945357,0.0,2.15389377358868
333,58.373756,54.252,4.121756408691404,4.121756408691404,0.0,7.597427576294706
334,58.468296,52.884,5.58429605102539,5.58429605102539,0.0,10.559519043615063
335,58.12359,53.1,5.023588562011717,5.023588562011717,0.0,9.460618760850693
336,54.057716,53.697,0.3607163696289035,0.3607163696289035,0.0,0.6717626117453555
337,52.832783,54.458999999999996,-1.626217254638668,1.626217254638668,0.0,2.9861313183104135
338,54.69899,55.539,-0.840010131835939,0.840010131835939,0.0,1.5124689530526998
339,53.400867,55.614000000000004,-2.213132537841801,2.213132537841801,0.0,3.979452184417235
340,54.798172,55.67099999999999,-0.8728280029296798,0.8728280029296798,0.0,1.5678324494434803
341,55.577194,56.361000000000004,-0.7838057861328167,0.7838057861328167,0.0,1.3906882172651596
342,55.789467,58.128,-2.338533142089844,2.338533142089844,0.0,4.023075182510741
343,56.38198,60.138000000000005,-3.7560191040039115,3.7560191040039115,0.0,6.24566680635191
344,57.171444,61.535999999999994,-4.36455606079101,4.36455606079101,0.0,7.092687306277642
345,58.51029,61.175999999999995,-2.665711761474604,2.665711761474604,0.0,4.3574469750794504
346,59.540253,59.199,0.34125268554687693,0.34125268554687693,0.0,0.5764500845400715
347,59.104107,56.81699999999999,2.287106903076179,2.287106903076179,0.0,4.025391877565129
348,57.21512,54.264,2.951118408203122,2.951118408203122,0.0,5.438446130405281
349,54.216736,52.674,1.5427358398437505,1.5427358398437505,0.0,2.9288374527162366
350,51.20487,51.363,-0.15813168334960892,0.15813168334960892,0.0,0.30787080846058235
351,48.950527,50.232000000000006,-1.281472808837897,1.281472808837897,0.0,2.5511084743547876
352,47.40437,48.876,-1.4716306457519508,1.4716306457519508,0.0,3.0109473888042206
353,46.34124,47.721000000000004,-1.3797600708007849,1.3797600708007849,0.0,2.8913058628293307
354,45.21002,46.725,-1.514981842041017,1.514981842041017,0.0,3.242336740590727
355,44.00171,36.8574,7.144308984375002,7.144308984375002,0.0,19.383648831374437
356,40.762096,39.63072,1.1313764050293003,1.1313764050293003,0.0,2.85479649380405
357,37.94894,43.788,-5.839059722900387,5.839059722900387,0.0,13.334839962776075
358,36.58296,43.038,-6.45504177856445,6.45504177856445,0.0,14.998470604034692
359,37.449474,43.107,-5.657525665283202,5.657525665283202,0.0,13.124378094702028
360,38.509438,41.484,-2.9745624389648455,2.9745624389648455,0.0,7.170384820569003
361,38.456287,39.924,-1.4677126159667964,1.4677126159667964,0.0,3.676266446164704
362,37.37673,38.199,-0.8222681274414043,0.8222681274414043,0.0,2.152590715572147
363,36.753326,36.464999999999996,0.2883264160156287,0.2883264160156287,0.0,0.7906935856729157
364,33.915154,35.315999999999995,-1.4008464965820266,1.4008464965820266,0.0,3.9666057780666746
365,33.206455,33.705,-0.49854476928710767,0.49854476928710767,0.0,1.4791418759445416
366,32.14911,31.944,0.20510888671875094,0.20510888671875094,0.0,0.6420889266176777
367,30.999075,30.404999999999998,0.5940749359130884,0.5940749359130884,0.0,1.953872507525369
368,29.26659,28.53,0.736590118408202,0.736590118408202,0.0,2.5818090375331297
369,28.216648,27.041999999999998,1.1746481018066426,1.1746481018066426,0.0,4.343791516184611
370,27.187693,35.8302,-8.642507357788084,8.642507357788084,0.0,24.120734346411922
371,37.90482,46.9218,-9.016980511474607,9.016980511474607,0.0,19.2170387996083
372,46.492935,55.31796,-8.825024819335937,8.825024819335937,0.0,15.953272353745396
373,50.980556,51.99528,-1.0147235119628917,1.0147235119628917,0.0,1.951568511531992
374,57.635456,51.792,5.8434560852050765,5.8434560852050765,0.0,11.282545731396889
375,57.61412,55.656,1.9581204833984387,1.9581204833984387,0.0,3.5182558635159533
376,57.94585,57.78,0.165850372314452,0.165850372314452,0.0,0.2870376814026514
377,59.088696,60.186,-1.097304473876953,1.097304473876953,0.0,1.8231889041919267
378,61.751053,62.721000000000004,-0.9699471435546911,0.9699471435546911,0.0,1.5464471924151257
379,59.73519,65.07,-5.334808654785149,5.334808654785149,0.0,8.198568702605117
380,64.4591,68.742,-4.282901184082036,4.282901184082036,0.0,6.230399441508882
381,65.946625,73.494,-7.547375244140625,7.547375244140625,0.0,10.269376063543453
382,72.43945,76.23,-3.790546875000004,3.790546875000004,0.0,4.972513282172378
383,72.76289,78.351,-5.588106323242187,5.588106323242187,0.0,7.132144226930334
384,75.84433,78.72,-2.875670166015624,2.875670166015624,0.0,3.6530362881296035
385,78.823235,77.11200000000001,1.7112345581054598,1.7112345581054598,0.0,2.219154681638992
386,78.8019,75.81,2.9919027709960915,2.9919027709960915,0.0,3.9465806239230856
387,78.244965,74.445,3.799964599609382,3.799964599609382,0.0,5.104391966699419
388,74.693954,73.11,1.583954467773438,1.583954467773438,0.0,2.166535997501625
389,71.60219,73.452,-1.8498118896484357,1.8498118896484357,0.0,2.518395536742956
390,71.79621,74.73599999999999,-2.9397887573242087,2.9397887573242087,0.0,3.933564490104112
391,69.63331,75.477,-5.843691589355473,5.843691589355473,0.0,7.742347455987218
392,71.25748,76.37100000000001,-5.113523193359384,5.113523193359384,0.0,6.695634721765309
393,71.62856,75.35400000000001,-3.7254370727539197,3.7254370727539197,0.0,4.9439141555244825
394,72.00248,73.803,-1.800520446777341,1.800520446777341,0.0,2.439630430710596
395,71.32303,74.211,-2.8879714355468735,2.8879714355468735,0.0,3.891567874771764
396,70.78511,73.83,-3.044889526367186,3.044889526367186,0.0,4.124190066866024
397,69.72615,58.942800000000005,10.783350512695307,10.783350512695307,0.0,18.294601737099878
398,65.304245,61.661280000000005,3.6429649951171825,3.6429649951171825,0.0,5.908026877024256
399,61.618843,51.5616,10.057243078613283,10.057243078613283,0.0,19.50529672976262
400,55.077377,51.292320000000004,3.785057319335934,3.785057319335934,0.0,7.379384124827915
401,51.062775,54.39,-3.3272253417968756,3.3272253417968756,0.0,6.117347567194108
402,48.225754,52.164,-3.938246215820314,3.938246215820314,0.0,7.549739697531466
403,48.313698,52.296,-3.982302185058593,3.982302185058593,0.0,7.614926925689523
404,48.18224,51.555,-3.3727604675292966,3.3727604675292966,0.0,6.542062782522154
405,50.06385,50.88,-0.8161495971679713,0.8161495971679713,0.0,1.6040676044967987
406,46.819355,49.767,-2.947644989013675,2.947644989013675,0.0,5.922890648449123
407,48.281555,47.496,0.7855551757812478,0.7855551757812478,0.0,1.6539396491941378
408,45.213463,45.948,-0.7345371704101566,0.7345371704101566,0.0,1.5986270793291475
409,44.218483,44.247,-0.028517028808593636,0.028517028808593636,0.0,0.06444963231087675
410,42.055725,43.038,-0.9822749023437467,0.9822749023437467,0.0,2.2823432834791273
411,40.776367,41.882999999999996,-1.1066328124999956,1.1066328124999956,0.0,2.6422004452880543
412,39.283535,39.78,-0.49646499633789176,0.49646499633789176,0.0,1.2480266373501552
413,37.27102,38.667,-1.3959810180664078,1.3959810180664078,0.0,3.6102646134078356
414,36.712612,37.281,-0.5683878479003894,0.5683878479003894,0.0,1.5246046187076245
415,34.868114,36.266999999999996,-1.398885528564449,1.398885528564449,0.0,3.8571856744821718
416,34.702736,35.445,-0.742264099121094,0.742264099121094,0.0,2.0941292117960053
417,33.20544,27.657600000000002,5.547840521240232,5.547840521240232,0.0,20.059009173754163
418,32.054962,28.004399999999997,4.050562158203128,4.050562158203128,0.0,14.464020504646157
419,28.830479,28.356,0.474478668212889,0.474478668212889,0.0,1.6732919601244498
420,28.01259,25.734,2.2785904083251936,2.2785904083251936,0.0,8.854396550575865
421,25.905735,24.129,1.7767350158691393,1.7767350158691393,0.0,7.363483840478839
422,25.474154,35.1948,-9.720646481323243,9.720646481323243,0.0,27.619553119560962
423,36.42922,49.61964,-13.190421707763669,13.190421707763669,0.0,26.583066116085625
424,45.52038,60.42288,-14.90250188720703,14.90250188720703,0.0,24.66367357399553
425,52.847855,58.73112,-5.883265385742185,5.883265385742185,0.0,10.017287914383695
426,60.999397,58.536,2.46339727783203,2.46339727783203,0.0,4.208345766420715
427,64.29648,63.471000000000004,0.8254782714843714,0.8254782714843714,0.0,1.3005597382810596
428,65.01136,65.883,-0.8716398315429643,0.8716398315429643,0.0,1.323011750440879
429,67.65975,69.54,-1.8802481079101625,1.8802481079101625,0.0,2.7038367959593934
430,69.95253,72.504,-2.5514700927734424,2.5514700927734424,0.0,3.5190749376219825
431,69.11267,75.465,-6.352329101562503,6.352329101562503,0.0,8.417583120072223
432,74.69343,78.327,-3.633571960449217,3.633571960449217,0.0,4.638977568972662
433,75.75841,79.644,-3.885592407226568,3.885592407226568,0.0,4.878700727269559
434,80.98056,80.691,0.2895603027343725,0.2895603027343725,0.0,0.35885080459329105
435,78.99995,81.23400000000001,-2.2340534057617276,2.2340534057617276,0.0,2.7501457588715654
436,79.80836,81.459,-1.650642761230472,1.650642761230472,0.0,2.026347931143854
437,80.39949,81.213,-0.8135096435546814,0.8135096435546814,0.0,1.0016987964422954
438,80.40213,82.005,-1.6028698730468705,1.6028698730468705,0.0,1.954600174436767
439,80.47082,82.488,-2.017182434082031,2.017182434082031,0.0,2.445425315296808
440,79.29494,83.211,-3.916062866210936,3.916062866210936,0.0,4.706184117737963
441,78.462166,82.845,-4.382834167480468,4.382834167480468,0.0,5.29040276115694
442,79.96311,81.066,-1.1028881225585963,1.1028881225585963,0.0,1.3604817340914763
443,77.71576,78.789,-1.0732407226562515,1.0732407226562515,0.0,1.3621707632489959
444,77.250435,76.524,0.7264348754882803,0.7264348754882803,0.0,0.9492902559828033
445,74.65819,75.471,-0.8128121337890661,0.8128121337890661,0.0,1.0769860393913768
446,72.48911,72.99000000000001,-0.5008871459961028,0.5008871459961028,0.0,0.686240780923555
447,70.69237,71.067,-0.37463244628905557,0.37463244628905557,0.0,0.5271538777337661
448,69.139,70.983,-1.8440000610351603,1.8440000610351603,0.0,2.5978051942509617
449,67.77753,70.36500000000001,-2.587473144531259,2.587473144531259,0.0,3.677216150829615
450,66.35217,69.729,-3.376827148437499,3.376827148437499,0.0,4.84278728855641
451,65.5708,69.084,-3.513199218750003,3.513199218750003,0.0,5.085402146300161
452,64.70477,65.901,-1.1962270507812462,1.1962270507812462,0.0,1.815188010472142
453,63.130245,63.638999999999996,-0.5087547912597614,0.5087547912597614,0.0,0.7994386952336797
454,61.375107,62.241,-0.8658931884765622,0.8658931884765622,0.0,1.391194210370274
455,58.971066,60.03,-1.0589344787597668,1.0589344787597668,0.0,1.7640087935361766
456,56.82732,59.028,-2.2006799011230456,2.2006799011230456,0.0,3.7281966204564707
457,55.09574,56.643,-1.5472587280273444,1.5472587280273444,0.0,2.731597422501182
458,53.326397,53.958,-0.6316030578613265,0.6316030578613265,0.0,1.170545716782176
459,51.1996,51.906,-0.7063997802734363,0.7063997802734363,0.0,1.3609212427723891
460,49.198383,50.117999999999995,-0.9196166687011669,0.9196166687011669,0.0,1.834902966401626
461,46.927654,48.89999999999999,-1.9723457336425696,1.9723457336425696,0.0,4.0334268581647645
462,45.125637,48.957,-3.8313629455566414,3.8313629455566414,0.0,7.825975745157263
463,44.13533,48.588,-4.4526697998046885,4.4526697998046885,0.0,9.164134765383816
464,43.476704,47.403000000000006,-3.9262963562011777,3.9262963562011777,0.0,8.282801418056193
465,43.218826,45.56700000000001,-2.3481737060546948,2.3481737060546948,0.0,5.153233054742894
466,42.19329,42.621,-0.42770928955078347,0.42770928955078347,0.0,1.0035177249496339
467,40.64839,39.387,1.261391723632812,1.261391723632812,0.0,3.2025585183761445
468,38.335316,36.513,1.822315704345705,1.822315704345705,0.0,4.990868195836291
469,35.95945,33.843,2.1164497680664027,2.1164497680664027,0.0,6.25372977592531
470,33.45642,31.430999999999997,2.0254208984375026,2.0254208984375026,0.0,6.44402309324394
471,31.28232,28.683,2.599320022583008,2.599320022583008,0.0,9.062232062835157
472,29.255135,25.83,3.425134582519533,3.425134582519533,0.0,13.260296486719058
473,27.23438,24.027,3.2073807220458974,3.2073807220458974,0.0,13.349068639638311
474,25.340303,35.1696,-9.829296578979495,9.829296578979495,0.0,27.948275155189407
475,36.604794,36.237480000000005,0.36731354858397935,0.36731354858397935,0.0,1.0136288411445258
476,42.90607,47.8908,-4.984729290771483,4.984729290771483,0.0,10.408532099633923
477,45.49916,49.980720000000005,-4.481559233398443,4.481559233398443,0.0,8.966575978494191
478,51.653347,48.22200000000001,3.431347015380851,3.431347015380851,0.0,7.115729367054147
479,53.881218,52.02,1.8612179565429656,1.8612179565429656,0.0,3.577889189817312
480,55.96438,55.605000000000004,0.35937835693358977,0.35937835693358977,0.0,0.6463058302915021
481,58.518623,60.066,-1.5473766479492213,1.5473766479492213,0.0,2.576127339841543
482,60.959858,63.443999999999996,-2.4841420593261674,2.4841420593261674,0.0,3.915487767678847
483,61.62331,67.839,-6.2156899108886705,6.2156899108886705,0.0,9.162413819320259
484,66.77266,70.2,-3.4273406982421903,3.4273406982421903,0.0,4.882251706897707
485,69.12426,71.595,-2.47074005126953,2.47074005126953,0.0,3.4509952528382293
486,74.96011,73.299,1.6611135253906184,1.6611135253906184,0.0,2.2662158083884067
487,74.240616,71.601,2.6396158447265634,2.6396158447265634,0.0,3.6865628199697817
488,73.84042,72.228,1.6124235839843806,1.6124235839843806,0.0,2.232407908268789
489,74.567314,73.164,1.4033141479492173,1.4033141479492173,0.0,1.9180391284637488
490,73.618744,72.771,0.8477438964843742,0.8477438964843742,0.0,1.16494743302191
491,73.2145,73.857,-0.6424995727539056,0.6424995727539056,0.0,0.8699237347223764
492,71.98312,73.224,-1.2408762207031288,1.2408762207031288,0.0,1.6946304773067966
493,71.19232,72.756,-1.5636782226562502,1.5636782226562502,0.0,2.149208618747939
494,72.534966,73.773,-1.2380344848632774,1.2380344848632774,0.0,1.6781674662319241
495,70.02206,73.899,-3.876943420410157,3.876943420410157,0.0,5.246273184224627
496,71.51223,73.02,-1.5077700805664023,1.5077700805664023,0.0,2.064872747968231
497,70.39113,70.899,-0.5078714599609384,0.5078714599609384,0.0,0.7163309213965477
498,70.35827,68.241,2.117268737792969,2.117268737792969,0.0,3.102634395441112
499,68.28252,66.297,1.9855164794921905,1.9855164794921905,0.0,2.9948813362477797
500,66.21867,65.556,0.6626737060546901,0.6626737060546901,0.0,1.0108513424472056
501,64.117035,64.563,-0.4459650878906274,0.4459650878906274,0.0,0.6907440606703954
502,61.80239,62.99999999999999,-1.1976089477538991,1.1976089477538991,0.0,1.9009665837363479
503,60.493183,60.474,0.01918313598633148,0.01918313598633148,0.0,0.031721295079425005
504,58.965725,56.478,2.487724945068358,2.487724945068358,0.0,4.40476813107468
505,56.72611,54.080999999999996,2.6451085510253947,2.6451085510253947,0.0,4.8910126495911594
506,53.80637,51.510000000000005,2.2963697814941355,2.2963697814941355,0.0,4.458104798086071
507,50.683685,48.833999999999996,1.849685302734379,1.849685302734379,0.0,3.787699763964408
508,48.01334,48.062999999999995,-0.04966000366210466,0.04966000366210466,0.0,0.10332272987975087
509,45.958065,46.533,-0.5749349670410169,0.5749349670410169,0.0,1.2355424473836136
510,44.628002,44.45099999999999,0.17700216674805347,0.17700216674805347,0.0,0.39819614125228564
511,43.274685,42.834,0.4406849060058562,0.4406849060058562,0.0,1.0288203436659105
512,41.704052,40.584,1.1200519714355437,1.1200519714355437,0.0,2.7598363183410792
513,39.770466,38.462999999999994,1.3074658508300843,1.3074658508300843,0.0,3.399282039440721
514,37.875885,37.905,-0.029114990234376137,0.029114990234376137,0.0,0.07681042140713926
515,36.358765,38.06099999999999,-1.7022353515624928,1.7022353515624928,0.0,4.472387355987738
516,35.42344,38.544,-3.1205609741210907,3.1205609741210907,0.0,8.096100493257293
517,35.349094,38.796,-3.4469056091308587,3.4469056091308587,0.0,8.884693290882717
518,35.752613,37.845,-2.0923869323730457,2.0923869323730457,0.0,5.528833220697703
519,35.831406,36.159,-0.3275943603515614,0.3275943603515614,0.0,0.9059829097916465
520,35.351784,34.323,1.0287837524414059,1.0287837524414059,0.0,2.997359649335448
521,34.292713,32.685,1.6077131652832009,1.6077131652832009,0.0,4.918810357299069
522,32.749092,31.032,1.7170921020507812,1.7170921020507812,0.0,5.533294992429689
523,31.242325,29.763,1.4793248291015608,1.4793248291015608,0.0,4.97034851695582
524,29.947811,28.218,1.7298111267089844,1.7298111267089844,0.0,6.13016913568993
525,28.784235,26.052,2.732235000610352,2.732235000610352,0.0,10.487620914364932
526,27.45165,39.589800000000004,-12.138149380493168,12.138149380493168,0.0,30.659789593514407
527,39.711933,53.51352,-13.801586864013672,13.801586864013672,0.0,25.79084101366098
528,49.654137,64.48644,-14.832303342285158,14.832303342285158,0.0,23.00065462178585
529,56.291,61.57248,-5.281479633789061,5.281479633789061,0.0,8.577662672981601
530,65.89127,59.516999999999996,6.37427349853516,6.37427349853516,0.0,10.710004702076988
531,67.83947,62.81400000000001,5.025469909667962,5.025469909667962,0.0,8.000557056815298
532,67.17091,64.902,2.2689136962890615,2.2689136962890615,0.0,3.4959072082355878
533,68.606,66.918,1.6880028076171811,1.6880028076171811,0.0,2.522494407509461
534,69.64628,69.414,0.23227838134765477,0.23227838134765477,0.0,0.33462756986725267
535,67.615005,72.144,-4.528994506835943,4.528994506835943,0.0,6.277714718945362
536,72.50888,74.556,-2.0471193847656224,2.0471193847656224,0.0,2.7457473372573937
537,73.316956,76.96199999999999,-3.645044433593739,3.645044433593739,0.0,4.736161266071229
538,78.532295,76.602,1.9302952270507774,1.9302952270507774,0.0,2.519901865552828
539,76.414314,75.78,0.6343142700195301,0.6343142700195301,0.0,0.8370470704929139
540,76.80495,74.94,1.8649468994140648,1.8649468994140648,0.0,2.4885867352736386
541,76.81056,75.708,1.102562133789064,1.102562133789064,0.0,1.456335042253215
542,75.68284,77.673,-1.9901615600585956,1.9901615600585956,0.0,2.562230839620712
543,75.85317,79.794,-3.940827697753903,3.940827697753903,0.0,4.938751908356396
544,75.50522,81.708,-6.202781494140623,6.202781494140623,0.0,7.591400467690586
545,76.21533,82.227,-6.011667968750004,6.011667968750004,0.0,7.311063238048334
546,79.727,83.571,-3.8440026245117167,3.8440026245117167,0.0,4.599684848226917
547,78.763245,83.439,-4.675755371093743,4.675755371093743,0.0,5.603800825865295
548,80.25372,82.96799999999999,-2.7142768554687393,2.7142768554687393,0.0,3.271474370201451
549,78.5885,82.491,-3.9024990234374997,3.9024990234374997,0.0,4.730817935820271
550,78.05079,80.76,-2.709211120605474,2.709211120605474,0.0,3.354644775390631
551,77.201675,79.77600000000001,-2.574324584960948,2.574324584960948,0.0,3.2269411664672933
552,76.43262,78.723,-2.290382812499999,2.290382812499999,0.0,2.909420134522311
553,75.12815,77.691,-2.5628490600585963,2.5628490600585963,0.0,3.298772135844044
554,73.10966,75.468,-2.3583427124023473,2.3583427124023473,0.0,3.124957216836735
555,71.455444,71.64,-0.18455566406250057,0.18455566406250057,0.0,0.2576153881386105
556,68.98089,67.338,1.642888366699225,1.642888366699225,0.0,2.439764125306996
557,65.92777,62.562,3.3657725219726586,3.3657725219726586,0.0,5.379899175174481
558,62.16389,59.676,2.487890838623045,2.487890838623045,0.0,4.168997316547766
559,58.373043,58.323,0.05004306030273398,0.05004306030273398,0.0,0.08580330281832892
560,55.311043,56.541,-1.2299572143554656,1.2299572143554656,0.0,2.175336860606402
561,53.232464,55.794,-2.561536163330075,2.561536163330075,0.0,4.591060263343864
562,52.023613,53.055,-1.031387023925781,1.031387023925781,0.0,1.943995898455906
563,50.506954,50.124,0.38295419311523204,0.38295419311523204,0.0,0.7640136324220573
564,48.534687,48.369,0.16568704223632835,0.16568704223632835,0.0,0.34254800024050186
565,46.182537,45.93899999999999,0.24353707885742892,0.24353707885742892,0.0,0.5301314326768736
566,43.856514,45.759,-1.902486022949219,1.902486022949219,0.0,4.157621501670096
567,42.2396,44.967,-2.7273988647460925,2.7273988647460925,0.0,6.065334277906226
568,41.361702,43.56,-2.198298034667971,2.198298034667971,0.0,5.046597875729961
569,40.55408,42.255,-1.700919036865237,1.700919036865237,0.0,4.025367499385249
570,39.81082,40.391999999999996,-0.5811784667968709,0.5811784667968709,0.0,1.4388454812756757
571,38.55996,39.078,-0.5180405883789092,0.5180405883789092,0.0,1.3256578852011596
572,37.140717,38.286,-1.1452834472656264,1.1452834472656264,0.0,2.9913896653231635
573,36.12833,37.497,-1.3686697692871093,1.3686697692871093,0.0,3.650078057676905
574,35.142937,35.976,-0.8330632934570303,0.8330632934570303,0.0,2.315608443009313
575,34.501877,34.575,-0.07312316894531534,0.07312316894531534,0.0,0.21149145031183034
576,33.53601,32.709,0.8270107421874968,0.8270107421874968,0.0,2.5283889516264537
577,32.383427,30.276,2.107426666259766,2.107426666259766,0.0,6.9607169581839266
578,30.913519,35.6892,-4.775681094360351,4.775681094360351,0.0,13.381306093609135
579,41.427177,43.64928,-2.2221025708007787,2.2221025708007787,0.0,5.090811511211133
580,47.90091,38.324639999999995,9.57626942382813,9.57626942382813,0.0,24.987239081249378
581,45.786205,37.202999999999996,8.583205291748051,8.583205291748051,0.0,23.071271918254045
582,48.542297,40.182,8.360297363281248,8.360297363281248,0.0,20.80607576347929
583,45.760593,41.637,4.12359341430664,4.12359341430664,0.0,9.903675611371233
584,44.919853,43.119,1.800853210449219,1.800853210449219,0.0,4.17647257693643
585,47.253986,45.243,2.010986358642576,2.010986358642576,0.0,4.444856350468748
586,49.95489,46.875,3.0798912048339844,3.0798912048339844,0.0,6.5704345703125
587,47.014038,48.369,-1.3549619140624998,1.3549619140624998,0.0,2.8013023094595706
588,51.496113,49.578,1.9181128234863252,1.9181128234863252,0.0,3.8688789856112087
589,50.205288,49.875,0.3302879333496094,0.3302879333496094,0.0,0.6622314453125
590,54.978786,49.998000000000005,4.980786468505855,4.980786468505855,0.0,9.961971415868343
591,52.57789,50.625,1.9528884887695312,1.9528884887695312,0.0,3.857557508680556
592,53.32265,50.64,2.6826509094238276,2.6826509094238276,0.0,5.297493896966484
593,53.99843,49.728,4.270428344726561,4.270428344726561,0.0,8.587573087046655
594,53.305492,48.645,4.660492401123044,4.660492401123044,0.0,9.580619593222414
595,53.01947,46.185,6.834470214843748,6.834470214843748,0.0,14.798030128491387
596,48.985725,44.292,4.69372540283203,4.69372540283203,0.0,10.597230657527385
597,45.52574,43.815,1.7107415771484398,1.7107415771484398,0.0,3.904465541820016
598,45.06942,34.3986,10.670819860839842,10.670819860839842,0.0,31.021087662985824
599,39.73948,36.14388,3.5955990649414034,3.5955990649414034,0.0,9.948016275345655
600,37.47818,39.192,-1.7138200683593752,1.7138200683593752,0.0,4.372882395283158
601,36.22477,37.656,-1.4312304077148426,1.4312304077148426,0.0,3.800803079761107
602,35.403316,38.484,-3.0806835021972674,3.0806835021972674,0.0,8.005102126071268
603,37.66609,38.922000000000004,-1.2559118957519573,1.2559118957519573,0.0,3.226740392970447
604,39.067013,38.19,0.8770127868652366,0.8770127868652366,0.0,2.2964461557089204
605,38.820053,38.055,0.7650531005859378,0.7650531005859378,0.0,2.0103878612164965
606,39.016197,36.461999999999996,2.5541972045898476,2.5541972045898476,0.0,7.0050935346109595
607,36.42636,34.635,1.791361083984377,1.791361083984377,0.0,5.172112267891951
608,35.48843,33.711,1.7774300231933609,1.7774300231933609,0.0,5.272552054799208
609,34.359936,33.012,1.3479357604980464,1.3479357604980464,0.0,4.083169030952521
610,32.645897,32.784000000000006,-0.13810308837891228,0.13810308837891228,0.0,0.42125148968677484
611,31.351158,33.852000000000004,-2.50084185791016,2.50084185791016,0.0,7.387574908159518
612,31.513454,35.112,-3.5985455627441425,3.5985455627441425,0.0,10.248762710025467
613,31.746004,34.730999999999995,-2.9849958953857367,2.9849958953857367,0.0,8.594615459922654
614,31.595839,34.611000000000004,-3.0151614532470745,3.0151614532470745,0.0,8.711569886010443
615,32.464417,34.806,-2.3415834960937474,2.3415834960937474,0.0,6.727528288495511
616,33.21628,34.461,-1.244718109130858,1.244718109130858,0.0,3.611961664289655
617,33.58578,34.614,-1.0282189025878878,1.0282189025878878,0.0,2.970528984191044
618,32.663174,35.034,-2.3708263244628895,2.3708263244628895,0.0,6.767215631851601
619,33.4079,33.987,-0.5790982360839863,0.5790982360839863,0.0,1.7038815902668263
620,32.661385,32.67,-0.008615417480470455,0.008615417480470455,0.0,0.02637103605898517
621,32.813663,32.112,0.7016634826660137,0.7016634826660137,0.0,2.18505070586078
622,30.817753,30.723,0.09475283813476665,0.09475283813476665,0.0,0.30841011012845965
623,29.709587,29.55,0.15958709716796804,0.15958709716796804,0.0,0.54005785843644
624,29.4596,28.119,1.3406004486083987,1.3406004486083987,0.0,4.767596460074678
625,28.427595,26.01,2.417595138549803,2.417595138549803,0.0,9.29486789138717
626,27.333332,23.784000000000002,3.5493320617675757,3.5493320617675757,0.0,14.923192321592563
627,26.294146,21.999000000000002,4.295145584106443,4.295145584106443,0.0,19.52427648577864
628,24.778273,20.796,3.9822726287841803,3.9822726287841803,0.0,19.149224027621564
629,23.330946,20.184,3.1469459686279286,3.1469459686279286,0.0,15.591289975366273
630,22.31888,30.3114,-7.992519918823241,7.992519918823241,0.0,26.368032881434843
631,33.387207,45.53268,-12.14547296875,12.14547296875,0.0,26.67418866789743
632,42.454113,43.679520000000004,-1.2254069934082068,1.2254069934082068,0.0,2.8054497700712067
633,45.538177,45.411,0.12717749023437364,0.12717749023437364,0.0,0.2800587748219014
634,52.82984,50.511,2.3188416137695285,2.3188416137695285,0.0,4.590765603075623
635,54.931694,52.086,2.8456940307617202,2.8456940307617202,0.0,5.463452810278617
636,55.35449,54.15,1.2044883728027358,1.2044883728027358,0.0,2.2243552591001583
637,59.066597,71.9736,-12.907003015136723,12.907003015136723,0.0,17.932968498361515
638,65.51703,67.44636,-1.9293311914062485,1.9293311914062485,0.0,2.8605416087780697
639,66.572174,62.867999999999995,3.70417407226563,3.70417407226563,0.0,5.8919864991182
640,73.41271,64.67099999999999,8.741712097167976,8.741712097167976,0.0,13.51720569833152
641,70.77947,64.53,6.249472351074218,6.249472351074218,0.0,9.684599955174674
642,71.02174,65.382,5.6397437744140575,5.6397437744140575,0.0,8.625835511936094
643,65.49335,65.976,-0.4826528320312491,0.4826528320312491,0.0,0.7315581909046458
644,66.5221,66.717,-0.1948976440429675,0.1948976440429675,0.0,0.29212591100164503
645,65.66411,67.99199999999999,-2.3278917236328027,2.3278917236328027,0.0,3.4237729786339615
646,69.37945,68.049,1.3304479370117122,1.3304479370117122,0.0,1.9551322385512087
647,70.07317,68.436,1.6371735229492117,1.6371735229492117,0.0,2.392269453137547
648,67.526695,67.86,-0.3333047485351557,0.3333047485351557,0.0,0.49116526456698445
649,65.57374,66.348,-0.7742619018554677,0.7742619018554677,0.0,1.1669709740391085
650,67.35013,65.337,2.0131281738281217,2.0131281738281217,0.0,3.0811457119673715
651,64.93584,63.462,1.4738367919921842,1.4738367919921842,0.0,2.3223926002839246
652,64.87106,62.138999999999996,2.732063232421879,2.732063232421879,0.0,4.396696490805902
653,64.21021,63.009,1.201212707519531,1.201212707519531,0.0,1.906414492405102
654,61.652077,65.538,-3.8859232788085905,3.8859232788085905,0.0,5.929267415558288
655,61.556522,68.937,-7.380477630615232,7.380477630615232,0.0,10.70611954482387
656,62.561996,70.266,-7.704003540039068,7.704003540039068,0.0,10.96405593037752
657,65.66589,68.019,-2.3531064453125055,2.3531064453125055,0.0,3.4594840343323265
658,65.797035,64.644,1.1530352172851508,1.1530352172851508,0.0,1.7836693541320936
659,65.40916,59.043000000000006,6.3661567993164,6.3661567993164,0.0,10.782238028752603
660,60.856503,54.894,5.962502532958986,5.962502532958986,0.0,10.861847438625325
661,56.923515,52.815,4.108515319824221,4.108515319824221,0.0,7.779069052019731
662,52.51902,50.505,2.0140200805664037,2.0140200805664037,0.0,3.9877637472852263
663,48.86825,49.217999999999996,-0.34974819946288704,0.34974819946288704,0.0,0.7106103447171503
664,47.195847,48.465,-1.269153442382816,1.269153442382816,0.0,2.6187010056387408
665,46.10426,46.337999999999994,-0.23374050903319699,0.23374050903319699,0.0,0.5044251133695822
666,44.65817,35.8506,8.80756879272461,8.80756879272461,0.0,24.567423676938766
667,41.255013,36.83028,4.424732512207029,4.424732512207029,0.0,12.013844348202156
668,37.22777,38.088,-0.8602282409667978,0.8602282409667978,0.0,2.2585282529058963
669,34.370937,36.318,-1.9470626525878885,1.9470626525878885,0.0,5.361150538542565
670,34.123806,36.053999999999995,-1.9301940002441356,1.9301940002441356,0.0,5.353619571321174
671,34.33163,35.394,-1.062369293212889,1.062369293212889,0.0,3.001551938783096
672,34.478413,35.028,-0.5495873718261706,0.5495873718261706,0.0,1.568994438238468
673,33.965572,34.488,-0.5224276428222652,0.5224276428222652,0.0,1.5148099130777812
674,34.138733,33.093,1.0457329101562465,1.0457329101562465,0.0,3.159982202146213
675,32.05597,32.114999999999995,-0.059030761718744884,0.059030761718744884,0.0,0.1838105611668843
676,31.984953,31.092,0.8929529266357434,0.8929529266357434,0.0,2.8719700457858726
677,31.128119,23.934,7.194118515014647,7.194118515014647,0.0,30.0581537353332
678,29.215616,24.8748,4.340816226196289,4.340816226196289,0.0,17.45065779904276
679,26.7753,25.59,1.1852990722656251,1.1852990722656251,0.0,4.631883830658949
680,25.52829,23.451,2.0772897949218745,2.0772897949218745,0.0,8.85800091647211
681,25.286785,22.008,3.2787851257324228,3.2787851257324228,0.0,14.898151243786002
682,24.379047,34.6392,-10.260152606201174,10.260152606201174,0.0,29.620062259524392
683,36.24975,36.52608,-0.2763317700195316,0.2763317700195316,0.0,0.7565327842996883
684,42.320797,48.9174,-6.596603033447266,6.596603033447266,0.0,13.485187343250594
685,46.27789,53.097359999999995,-6.81947074829101,6.81947074829101,0.0,12.843332979814836
686,53.230995,51.828,1.4029951782226533,1.4029951782226533,0.0,2.7070216451004345
687,58.5155,56.781,1.7344991149902356,1.7344991149902356,0.0,3.0547174494817555
688,60.62498,61.116,-0.4910190734863278,0.4910190734863278,0.0,0.8034214828953593
689,65.245834,65.364,-0.11816564941406682,0.11816564941406682,0.0,0.18078093356291966
690,67.31978,69.55199999999999,-2.23222155761718,2.23222155761718,0.0,3.2094282804479817
691,68.979256,72.363,-3.3837443237304683,3.3837443237304683,0.0,4.676069709285779
692,74.3219,75.897,-1.5751005859375056,1.5751005859375056,0.0,2.0753133667174004
693,75.95005,78.669,-2.7189496459960907,2.7189496459960907,0.0,3.4561894087837532
694,81.147995,79.863,1.284994995117188,1.284994995117188,0.0,1.6089991549493359
695,80.04273,81.684,-1.6412677612304662,1.6412677612304662,0.0,2.0092891646227735
696,81.22778,80.826,0.4017832031250066,0.4017832031250066,0.0,0.49709648272215207
697,81.99744,80.571,1.426436523437502,1.426436523437502,0.0,1.7704093575076667
698,81.660286,79.8,1.860285949707034,1.860285949707034,0.0,2.3311854006353814
699,80.19823,78.273,1.9252269287109414,1.9252269287109414,0.0,2.4596309438899002
700,77.23427,77.139,0.0952681884765667,0.0952681884765667,0.0,0.12350197497577971
701,74.93836,76.485,-1.5466378784179682,1.5466378784179682,0.0,2.0221453597672334
702,75.772896,74.88900000000001,0.8838958129882712,0.8838958129882712,0.0,1.1802745569953814
703,72.71736,72.864,-0.14663854980469182,0.14663854980469182,0.0,0.20124965662699248
704,73.91919,70.449,3.470189453125002,3.470189453125002,0.0,4.925817901070281
705,70.69464,67.314,3.380641113281257,3.380641113281257,0.0,5.022196145350533
706,68.50019,66.111,2.389190734863277,2.389190734863277,0.0,3.6139080256890335
707,65.62044,65.277,0.3434376220703115,0.3434376220703115,0.0,0.5261234769831816
708,63.75368,64.485,-0.7313188171386713,0.7313188171386713,0.0,1.134091365648866
709,62.75824,62.412000000000006,0.34623974609374386,0.34623974609374386,0.0,0.5547647024510413
710,61.4423,58.922999999999995,2.5192988891601615,2.5192988891601615,0.0,4.275578108989973
711,59.667725,55.629000000000005,4.038724609374995,4.038724609374995,0.0,7.260106436166379
712,56.763252,53.979,2.784252258300782,2.784252258300782,0.0,5.158028600568336
713,53.62421,52.68,0.9442103576660159,0.9442103576660159,0.0,1.7923507169058768
714,50.738815,52.878,-2.1391846923828126,2.1391846923828126,0.0,4.045509838463658
715,49.533634,52.403999999999996,-2.8703658142089807,2.8703658142089807,0.0,5.477379234808375
716,49.01918,50.277,-1.2578197021484385,1.2578197021484385,0.0,2.5017795456141743
717,48.97906,48.617999999999995,0.3610611267089894,0.3610611267089894,0.0,0.7426490738183171
718,47.69263,47.625,0.06763076782226562,0.06763076782226562,0.0,0.14200686156906167
719,46.089207,47.352000000000004,-1.2627933044433632,1.2627933044433632,0.0,2.6668214741581413
720,44.441463,47.163,-2.7215365295410123,2.7215365295410123,0.0,5.770490701484241
721,43.713837,46.842,-3.1281633300781237,3.1281633300781237,0.0,6.678116498181384
722,43.428375,45.618,-2.189624755859377,2.189624755859377,0.0,4.799913972246431
723,43.21478,44.646,-1.4312210998535164,1.4312210998535164,0.0,3.205709581717324
724,42.625114,44.226000000000006,-1.6008855590820374,1.6008855590820374,0.0,3.6197837450414627
725,41.579586,43.959,-2.379413970947269,2.379413970947269,0.0,5.412802772918558
726,40.842228,42.522,-1.6797720642089828,1.6797720642089828,0.0,3.9503599647452683
727,40.06128,40.766999999999996,-0.7057207031249959,0.7057207031249959,0.0,1.7311077663919248
728,39.367634,38.682,0.685633819580076,0.685633819580076,0.0,1.7724880295229717
729,37.85132,36.272999999999996,1.5783183593750039,1.5783183593750039,0.0,4.351220906390439
730,36.30132,34.32,1.9813191223144528,1.9813191223144528,0.0,5.773074365718102
731,34.423508,32.55,1.8735076904296903,1.8735076904296903,0.0,5.755783995175701
732,32.78276,31.326000000000004,1.4567606201171834,1.4567606201171834,0.0,4.6503243954452635
733,31.36281,24.2424,7.120410134887695,7.120410134887695,0.0,29.37172117813292
734,29.202063,32.603880000000004,-3.4018173931884803,3.4018173931884803,0.0,10.433780866536376
735,38.64556,47.02091999999999,-8.37535878173827,8.37535878173827,0.0,17.811984073766045
736,45.167843,43.02779999999999,2.1400428649902423,2.1400428649902423,0.0,4.973628363500441
737,45.694862,43.65,2.0448623657226577,2.0448623657226577,0.0,4.6846789592729845
738,51.934196,49.221,2.713196472167972,2.713196472167972,0.0,5.512274175997994
739,53.21296,51.414,1.7989592895507798,1.7989592895507798,0.0,3.4989677705503945
740,53.213,53.727000000000004,-0.5139987487793007,0.5139987487793007,0.0,0.9566861145779603
741,58.04533,56.418,1.6273300476074226,1.6273300476074226,0.0,2.8844164054156876
742,61.344856,57.987,3.3578562622070294,3.3578562622070294,0.0,5.790705265330211
743,59.64312,61.022999999999996,-1.3798801879882774,1.3798801879882774,0.0,2.2612460678568365
744,64.9204,63.641999999999996,1.2784025268554728,1.2784025268554728,0.0,2.0087403394856747
745,64.63529,65.35499999999999,-0.7197079467773335,0.7197079467773335,0.0,1.1012285927279224
746,69.18402,67.55699999999999,1.627020996093762,1.627020996093762,0.0,2.408367742933763
747,67.83,68.136,-0.3059981689453082,0.3059981689453082,0.0,0.4490991090544033
748,70.1424,70.125,0.01740264892578125,0.01740264892578125,0.0,0.024816611658868094
749,71.407135,71.532,-0.12486499023437148,0.12486499023437148,0.0,0.17455822601684767
750,72.401726,71.343,1.0587257690429652,1.0587257690429652,0.0,1.4839939013539734
751,72.87709,71.80499999999999,1.07209045410157,1.07209045410157,0.0,1.4930582189284451
752,70.71626,71.256,-0.5397371826171877,0.5397371826171877,0.0,0.7574620840591497
753,69.2023,72.351,-3.148698974609374,3.148698974609374,0.0,4.351977131773402
754,71.03133,74.67,-3.638673706054689,3.638673706054689,0.0,4.873006168547863
755,70.642845,75.558,-4.915154846191413,4.915154846191413,0.0,6.5051415418505165
756,72.7593,75.369,-2.609699768066406,2.609699768066406,0.0,3.4625638764829123
757,73.47998,74.322,-0.8420195312500027,0.8420195312500027,0.0,1.1329344356314452
758,72.99387,72.417,0.5768735961914047,0.5768735961914047,0.0,0.7965996881828916
759,72.46778,71.667,0.8007810668945297,0.8007810668945297,0.0,1.1173637335098856
760,70.566216,71.22,-0.6537844848632801,0.6537844848632801,0.0,0.9179787768369561
761,68.382744,56.079,12.303743835449218,12.303743835449218,0.0,21.94002003503846
762,63.806747,58.48619999999999,5.320547436523448,5.320547436523448,0.0,9.097098865242483
763,59.52514,49.53959999999999,9.985538854980476,9.985538854980476,0.0,20.15668042329869
764,52.977974,47.83764,5.140333937988281,5.140333937988281,0.0,10.745375269324073
765,48.414234,47.940000000000005,0.4742341613769483,0.4742341613769483,0.0,0.9892243666603009
766,44.853527,43.791000000000004,1.062527069091793,1.062527069091793,0.0,2.4263594553487997
767,43.196255,33.4896,9.706654730224606,9.706654730224606,0.0,28.98408679179389
768,39.40968,33.56136,5.848319412841796,5.848319412841796,0.0,17.425752153195806
769,36.914898,35.025,1.8898979187011733,1.8898979187011733,0.0,5.395854157605063
770,30.749287,33.201,-2.4517133483886724,2.4517133483886724,0.0,7.384456336823206
771,31.807768,32.22,-0.4122321319580067,0.4122321319580067,0.0,1.27942933568593
772,30.098665,31.692,-1.5933347625732424,1.5933347625732424,0.0,5.027561411628305
773,31.304092,31.218,0.08609240722656253,0.08609240722656253,0.0,0.27577809989929697
774,30.494995,30.438000000000002,0.05699511718749761,0.05699511718749761,0.0,0.18724987577205338
775,31.158634,30.041999999999998,1.1166341857910176,1.1166341857910176,0.0,3.71691027824718
776,29.0607,29.055,0.005699462890625284,0.005699462890625284,0.0,0.019616117331355307
777,28.36239,28.461000000000002,-0.09860948181152551,0.09860948181152551,0.0,0.34647230178674504
778,28.826609,27.486,1.3406086578369134,1.3406086578369134,0.0,4.8774236259801835
779,27.80496,26.475,1.3299602508544908,1.3299602508544908,0.0,5.023457038166159
780,27.77178,25.485,2.2867800140380865,2.2867800140380865,0.0,8.973043021534576
781,26.311438,24.54,1.7714376068115243,1.7714376068115243,0.0,7.218572154896187
782,27.052715,23.871000000000002,3.1817153015136697,3.1817153015136697,0.0,13.328789332301408
783,24.43665,23.064,1.3726493225097656,1.3726493225097656,0.0,5.951479892949036
784,26.055414,22.359,3.6964141998291,3.6964141998291,0.0,16.53210876975312
785,24.113451,21.279,2.8344510040283204,2.8344510040283204,0.0,13.32041451209324
786,24.693163,20.676000000000002,4.017162918090818,4.017162918090818,0.0,19.42911065046826
787,32.067913,20.475,11.59291305541992,11.59291305541992,0.0,56.61984398251487
788,33.464363,20.418,13.046363098144532,13.046363098144532,0.0,63.896381125205856
789,27.994888,20.766000000000002,7.228888305664061,7.228888305664061,0.0,34.81117358019869
790,28.56256,20.952,7.6105591278076155,7.6105591278076155,0.0,36.32378354241893
791,26.538671,20.787,5.751671493530274,5.751671493530274,0.0,27.669560270987997
792,25.288132,20.526000000000003,4.762131713867184,4.762131713867184,0.0,23.20048579298053
793,26.395874,20.04,6.355874023437501,6.355874023437501,0.0,31.715938240706095
794,26.986322,19.554,7.432322402954103,7.432322402954103,0.0,38.009217566503544
795,21.471039,18.810000000000002,2.6610388183593727,2.6610388183593727,0.0,14.146936833383162
796,20.309406,23.523,-3.2135937194824216,3.2135937194824216,0.0,13.661496065478135
797,18.310102,21.649679999999996,-3.339577537231442,3.339577537231442,0.0,15.425528401488808
798,22.420015,19.173,3.2470153350830095,3.2470153350830095,0.0,16.935353544479266
799,21.748362,19.413,2.335361587524414,2.335361587524414,0.0,12.029885064258043
800,21.793295,18.525,3.2682949066162124,3.2682949066162124,0.0,17.642617579574697
801,21.249815,17.931,3.3188149871826162,3.3188149871826162,0.0,18.508811483925136
802,19.79527,17.934,1.8612709197998036,1.8612709197998036,0.0,10.378448309355434
803,18.051111,17.955,0.09611122131347827,0.09611122131347827,0.0,0.5352894531522043
804,14.555473,18.021,-3.465526672363282,3.465526672363282,0.0,19.230490385457422
805,14.476957,17.898,-3.4210426788330075,3.4210426788330075,0.0,19.114105927103626
806,17.275076,17.622,-0.34692408752441395,0.34692408752441395,0.0,1.9686987148133808
807,14.815339,21.966,-7.15066091156006,7.15066091156006,0.0,32.553313810252476
808,17.679243,20.23944,-2.5601969122314436,2.5601969122314436,0.0,12.649544217781933
809,19.692019,19.005,0.6870185089111338,0.6870185089111338,0.0,3.61493559016645
810,20.211098,19.731,0.4800977172851546,0.4800977172851546,0.0,2.4332153326499144
811,20.625248,20.097,0.5282479553222643,0.5282479553222643,0.0,2.628491592388239
812,20.94708,20.358,0.5890806121826166,0.5890806121826166,0.0,2.893607486897616
813,20.103134,20.799,-0.695865844726562,0.695865844726562,0.0,3.3456697183833937
814,19.860493,21.18,-1.3195072937011716,1.3195072937011716,0.0,6.22996833664387
815,19.682205,20.844,-1.1617947998046887,1.1617947998046887,0.0,5.573761273290581
816,21.580694,20.955,0.6256941986084001,0.6256941986084001,0.0,2.985894529269388
817,20.445486,20.229,0.21648606872558673,0.21648606872558673,0.0,1.0701768190498133
818,19.871058,19.365000000000002,0.5060575103759746,0.5060575103759746,0.0,2.6132585095583503
819,18.772657,19.014,-0.24134260559081966,0.24134260559081966,0.0,1.2692889743916045
820,18.778866,18.561,0.21786581420898443,0.21786581420898443,0.0,1.1737827391249633
821,18.203798,18.312,-0.10820170593261835,0.10820170593261835,0.0,0.590878691200406
822,17.850372,18.432000000000002,-0.5816276855468772,0.5816276855468772,0.0,3.1555321481492897
823,18.557138,18.624,-0.06686155700683472,0.06686155700683472,0.0,0.3590075011105816
824,17.926222,18.666,-0.7397781524658207,0.7397781524658207,0.0,3.9632387895950965
825,17.466465,19.131,-1.6645350036621096,1.6645350036621096,0.0,8.700721361466258
826,17.171045,19.389,-2.217954696655273,2.217954696655273,0.0,11.43924233666137
827,18.192703,19.398,-1.2052967529296872,1.2052967529296872,0.0,6.213510428547722
828,17.880556,19.632,-1.7514438934326186,1.7514438934326186,0.0,8.921372725308775
829,18.79097,19.866,-1.0750301513671872,1.0750301513671872,0.0,5.41140718497527
830,18.615448,20.130000000000003,-1.5145520019531276,1.5145520019531276,0.0,7.523854952573907
831,19.848276,20.439,-0.590723861694336,0.590723861694336,0.0,2.890179860532981
832,20.319448,20.741999999999997,-0.4225515289306614,0.4225515289306614,0.0,2.0371783286600205
833,20.4841,20.676000000000002,-0.19189965820312693,0.19189965820312693,0.0,0.9281275788504881
834,21.07096,20.663999999999998,0.4069590911865255,0.4069590911865255,0.0,1.9694110103877542
835,21.43786,21.018,0.4198604888916009,0.4198604888916009,0.0,1.9976234127490764
836,21.837942,21.414,0.42394212341308446,0.42394212341308446,0.0,1.9797428010324292
837,22.175587,21.75,0.4255867004394531,0.4255867004394531,0.0,1.9567204617905891
838,22.733799,17.324399999999997,5.4093989807128935,5.4093989807128935,0.0,31.22416349606852
839,30.721067,16.32672,14.394347428588866,14.394347428588866,0.0,88.16435529358539
840,31.50884,15.522,15.986840560913086,15.986840560913086,0.0,102.99472078928673
841,24.088251,13.161,10.927251113891602,10.927251113891602,0.0,83.02751397227873
842,22.3603,13.017,9.343300064086915,9.343300064086915,0.0,71.7776758399548
843,18.613262,13.068000000000001,5.5452621765136705,5.5452621765136705,0.0,42.43390095281352
844,16.237211,13.128,3.109211227416992,3.109211227416992,0.0,23.683814955949057
845,16.630203,13.23,3.400203247070312,3.400203247070312,0.0,25.700704815346278
846,18.315037,13.302,5.013036773681641,5.013036773681641,0.0,37.68633869855391
847,13.108369,13.35,-0.24163112640380824,0.24163112640380824,0.0,1.809970984298189
848,12.717871,13.233,-0.5151292877197271,0.5151292877197271,0.0,3.8927626971943408
849,10.163645,10.4532,-0.28955520935058665,0.28955520935058665,0.0,2.7700150131116463
850,12.98208,10.64652,2.335560459594726,2.335560459594726,0.0,21.937313409402563
851,10.757926,13.6008,-2.842874012756347,2.842874012756347,0.0,20.902255843452938
852,11.0361395,11.766960000000001,-0.7308205117797861,0.7308205117797861,0.0,6.210784363844069
853,12.305202,10.608,1.6972015304565424,1.6972015304565424,0.0,15.999260279567707
854,12.923156,10.554,2.3691557846069333,2.3691557846069333,0.0,22.44794186665656
855,11.587524,10.374,1.2135244140624994,1.2135244140624994,0.0,11.697748352250812
856,8.093404,10.341,-2.2475961837768548,2.2475961837768548,0.0,21.734804987688374
857,6.3319154,10.23,-3.898084621429444,3.898084621429444,0.0,38.10444400224285
858,7.9778905,10.575,-2.5971095085144036,2.5971095085144036,0.0,24.558955163256773
859,5.521351,10.719,-5.197649139404296,5.197649139404296,0.0,48.49005634298253
860,9.025414,10.83,-1.80458553314209,1.80458553314209,0.0,16.6628396412012
861,10.539576,10.683000000000002,-0.14342442321777504,0.14342442321777504,0.0,1.3425481907495556
862,10.631736,10.563,0.06873580169677673,0.06873580169677673,0.0,0.6507223487340408
863,10.157987,13.2186,-3.0606133590698246,3.0606133590698246,0.0,23.15383897742442
864,10.5363655,12.64788,-2.1115144909667976,2.1115144909667976,0.0,16.694611990047324
865,10.674516,11.864999999999998,-1.1904842758178695,1.1904842758178695,0.0,10.033580074318328
866,11.701757,12.059999999999999,-0.3582425689697253,0.3582425689697253,0.0,2.970502230263062
867,12.597055,12.006,0.5910554351806638,0.5910554351806638,0.0,4.923000459609061
868,12.024972,15.0444,-3.019428038024902,3.019428038024902,0.0,20.070112719848595
869,11.603869,14.12628,-2.522410561828613,2.522410561828613,0.0,17.856155773697058
870,12.545512,13.398,-0.8524878005981442,0.8524878005981442,0.0,6.362798929677147
871,13.601465,13.922999999999998,-0.3215347747802717,0.3215347747802717,0.0,2.3093785447121435
872,14.550291,14.309999999999999,0.24029106140136847,0.24029106140136847,0.0,1.6791828190172502
873,14.31845,14.604,-0.2855500259399406,0.2855500259399406,0.0,1.9552864005747783
874,13.82203,14.895,-1.072969932556152,1.072969932556152,0.0,7.203557788225257
875,14.549983,15.087000000000002,-0.5370169754028336,0.5370169754028336,0.0,3.5594682534820272
876,14.667462,15.048,-0.38053765106201176,0.38053765106201176,0.0,2.528825432363183
877,15.3941555,14.787,0.6071555023193351,0.6071555023193351,0.0,4.106008671937074
878,15.181298,14.4,0.7812982559204098,0.7812982559204098,0.0,5.425682332780624
879,14.999431,13.983,1.016430656433105,1.016430656433105,0.0,7.269045672839197
880,14.2261095,13.398,0.8281095046997073,0.8281095046997073,0.0,6.180844190921834
881,13.457946,13.203,0.2549458236694342,0.2549458236694342,0.0,1.9309688985036293
882,12.809751,13.125,-0.3152494430541992,0.3152494430541992,0.0,2.4019005185081843
883,13.2161,13.2,0.016099739074707742,0.016099739074707742,0.0,0.12196772026293744
884,13.571558,13.383,0.18855799865722744,0.18855799865722744,0.0,1.4089367007190274
885,14.039844,13.38,0.6598435592651359,0.6598435592651359,0.0,4.931566212743915
886,14.040052,13.302,0.7380524139404301,0.7380524139404301,0.0,5.548431919564202
887,14.756758,13.242,1.5147577362060538,1.5147577362060538,0.0,11.439040448618439
888,15.624961,13.203,2.421960899353028,2.421960899353028,0.0,18.34401953611322
889,15.403651,13.251,2.1526512374877935,2.1526512374877935,0.0,16.24519838116213
890,15.8437,13.146,2.697700408935546,2.697700408935546,0.0,20.52107415894984
891,23.212332,13.037999999999998,10.174331771850587,10.174331771850587,0.0,78.0359853647077
892,24.898626,12.753,12.145626327514648,12.145626327514648,0.0,95.23740553214654
893,19.970901,12.366,7.604901489257813,7.604901489257813,0.0,61.498475572196455
894,19.262417,12.140999999999998,7.121416839599611,7.121416839599611,0.0,58.65593311588512
895,17.772882,11.895,5.877882461547852,5.877882461547852,0.0,49.414732757863405
896,15.187313,11.504999999999999,3.6823130798339854,3.6823130798339854,0.0,32.00619799942621
897,15.730212,11.349,4.3812122116088865,4.3812122116088865,0.0,38.604389916370486
898,16.504915,10.812000000000001,5.692915237426757,5.692915237426757,0.0,52.65367404205287
899,11.400642,10.283999999999999,1.1166423950195323,1.1166423950195323,0.0,10.858055182998177
900,10.076316,10.077,-0.0006841201782226136,0.0006841201782226136,0.0,0.006788927043987433
901,7.114949,9.816,-2.701050773620606,2.701050773620606,0.0,27.51681717217406
902,9.719932,9.669,0.05093160247802686,0.05093160247802686,0.0,0.5267514994107648
903,8.450214,9.669,-1.2187856140136724,1.2187856140136724,0.0,12.605084434933007
904,9.168936,9.543,-0.3740642242431633,0.3740642242431633,0.0,3.9197760059013236
905,9.83368,9.27,0.5636801528930668,0.5636801528930668,0.0,6.080692048468898
906,10.609147,9.132,1.4771470718383792,1.4771470718383792,0.0,16.175504509837708
907,9.169413,12.413400000000001,-3.243987387084962,3.243987387084962,0.0,26.132948161542863
908,6.969943,9.13212,-2.1621769534301762,2.1621769534301762,0.0,23.676615653650806
909,6.245972,9.25656,-3.010587843475342,3.010587843475342,0.0,32.52383005647176
910,9.327699,10.565999999999999,-1.2383012924194325,1.2383012924194325,0.0,11.719679087823517
911,6.4957013,9.738,-3.2422986869812007,3.2422986869812007,0.0,33.29532436826043
912,8.559518,9.729,-1.1694821395874015,1.1694821395874015,0.0,12.020579089191095
913,9.02613,9.489,-0.4628702774047859,0.4628702774047859,0.0,4.877966881702876
914,9.041832,9.249,-0.2071680297851568,0.2071680297851568,0.0,2.2398965270316444
915,8.383519,11.283000000000001,-2.899480827331544,2.899480827331544,0.0,25.697782746889512
916,9.410446,10.21824,-0.8077938330078123,0.8077938330078123,0.0,7.905410648094118
917,8.950325,9.267,-0.3166749877929682,0.3166749877929682,0.0,3.417233061324789
918,8.873444,9.303,-0.4295563964843758,0.4295563964843758,0.0,4.61739650096072
919,8.540242,11.6952,-3.1549578048706053,3.1549578048706053,0.0,26.976518613367922
920,8.636335,11.14152,-2.505184627075195,2.505184627075195,0.0,22.48512435534106
921,9.045416,10.377,-1.3315841217041022,1.3315841217041022,0.0,12.832072098912036
922,10.23508,10.83,-0.5949202346801759,0.5949202346801759,0.0,5.493261631395899
923,11.049124,11.052,-0.0028762359619136646,0.0028762359619136646,0.0,0.026024574392993705
924,11.08821,11.294999999999998,-0.20678989410400206,0.20678989410400206,0.0,1.8308091554139185
925,10.801345,11.591999999999999,-0.7906551284790027,0.7906551284790027,0.0,6.820696415450334
926,10.763246,12.165,-1.4017544174194327,1.4017544174194327,0.0,11.522847656551031
927,11.618631,12.471,-0.852368637084961,0.852368637084961,0.0,6.834805846242972
928,11.933867,12.72,-0.786132545471192,0.786132545471192,0.0,6.180287307163459
929,12.791311,12.804,-0.012688735961914333,0.012688735961914333,0.0,0.09909978102088669
930,12.389813,12.780000000000001,-0.39018657684326286,0.39018657684326286,0.0,3.05310310518985
931,13.37991,12.933,0.44691046905517595,0.44691046905517595,0.0,3.455582378838444
932,12.8293495,12.9,-0.07065048217773473,0.07065048217773473,0.0,0.5476781564165483
933,12.200457,13.137,-0.9365433807373051,0.9365433807373051,0.0,7.129050625997603
934,12.520696,13.173000000000002,-0.6523043136596698,0.6523043136596698,0.0,4.951828085171712
935,13.608584,16.3578,-2.749215596008302,2.749215596008302,0.0,16.806756385383743
936,14.183243,15.250919999999999,-1.0676772021484364,1.0676772021484364,0.0,7.000739641598254
937,15.327001,13.923,1.404000617980957,1.404000617980957,0.0,10.08403805200716
938,15.626263,14.292000000000002,1.3342626647949203,1.3342626647949203,0.0,9.33573093195438
939,16.435337,14.232,2.2033370666503913,2.2033370666503913,0.0,15.481570170393418
940,16.121408,13.923,2.198408462524414,2.198408462524414,0.0,15.789761276480743
941,16.060678,13.559999999999999,2.5006784820556653,2.5006784820556653,0.0,18.44158172607423
942,15.967085,30.837000000000003,-14.869915115356449,14.869915115356449,0.0,48.22101733422981
943,27.748978,49.29204,-21.543062338867188,21.543062338867188,0.0,43.70495183170992
944,39.75218,51.264359999999996,-11.512181807861325,11.512181807861325,0.0,22.45650156924094
945,47.89253,56.837999999999994,-8.945471466064447,8.945471466064447,0.0,15.738540177459532
946,59.896023,80.34179999999999,-20.445777203369133,20.445777203369133,0.0,25.448492818643764
947,70.72788,78.64632,-7.918437614746097,7.918437614746097,0.0,10.068414662944301
948,73.823494,73.824,-0.0005060424804668173,0.0005060424804668173,0.0,0.0006854715004156064
949,81.25495,77.652,3.6029514770507802,3.6029514770507802,0.0,4.639869516626462
950,84.32146,80.016,4.305456909179682,4.305456909179682,0.0,5.380744987477107
951,81.98533,82.65899999999999,-0.6736713256835856,0.6736713256835856,0.0,0.8150005754770632
952,86.03755,85.653,0.3845518798828067,0.3845518798828067,0.0,0.44896486974514227
953,85.633835,90.102,-4.468165161132816,4.468165161132816,0.0,4.9590077480331365
954,86.949486,92.37,-5.420514221191411,5.420514221191411,0.0,5.868262662326957
955,87.75089,93.678,-5.927107360839841,5.927107360839841,0.0,6.327107069792097
956,92.20793,93.945,-1.7370684814453057,1.7370684814453057,0.0,1.849027070568211
957,92.15325,92.841,-0.6877483520507752,0.6877483520507752,0.0,0.7407808533414927
958,91.9992,90.972,1.0271989135742245,1.0271989135742245,0.0,1.1291374418219062
959,90.26838,90.525,-0.25662078857422443,0.25662078857422443,0.0,0.28348057285194633
960,86.64437,91.725,-5.080628967285151,5.080628967285151,0.0,5.538979522796566
961,86.28493,90.378,-4.093072631835938,4.093072631835938,0.0,4.528837362893555
962,90.01369,88.61399999999999,1.3996871337890724,1.3996871337890724,0.0,1.5795327304817215
963,87.823456,86.154,1.6694558105468786,1.6694558105468786,0.0,1.9377577483887904
964,86.818,83.184,3.6340007934570338,3.6340007934570338,0.0,4.368629536277449
965,82.80318,81.711,1.092176879882814,1.092176879882814,0.0,1.336633843525124
966,80.35706,80.44800000000001,-0.09093670654297625,0.09093670654297625,0.0,0.1130378711005572
967,77.74259,79.88999999999999,-2.14740814208983,2.14740814208983,0.0,2.687956117273539
968,76.850525,77.13,-0.27947509765624545,0.27947509765624545,0.0,0.3623429244862511
969,75.38539,60.158399999999986,15.226991235351576,15.226991235351576,0.0,25.311496375155556
970,70.805016,61.64076,9.164255563964844,9.164255563964844,0.0,14.86720080019267
971,64.99348,63.006,1.987476867675781,1.987476867675781,0.0,3.154424765380727
972,58.605156,61.194,-2.588844055175784,2.588844055175784,0.0,4.230552105068771
973,56.56342,61.107,-4.543580657958984,4.543580657958984,0.0,7.435450370594177
974,56.8006,59.730000000000004,-2.929401855468754,2.929401855468754,0.0,4.904406253923914
975,57.709316,58.68000000000001,-0.9706837463378974,0.9706837463378974,0.0,1.6541986133910997
976,57.166916,55.659,1.5079158935546886,1.5079158935546886,0.0,2.709204070419319
977,56.270653,53.22,3.050652770996095,3.050652770996095,0.0,5.732154774513519
978,50.913845,52.683,-1.7691549377441405,1.7691549377441405,0.0,3.3581135048196584
979,49.59834,51.609,-2.010660919189455,2.010660919189455,0.0,3.8959501621605823
980,48.52654,49.806,-1.2794611511230443,1.2794611511230443,0.0,2.568889593870306
981,47.598885,47.955,-0.35611541748046704,0.35611541748046704,0.0,0.7426033103544303
982,46.094112,45.839999999999996,0.25411239624023807,0.25411239624023807,0.0,0.554346414136645
983,44.486923,43.869,0.6179232177734377,0.6179232177734377,0.0,1.408564630544206
984,42.56981,42.741,-0.17119104003906216,0.17119104003906216,0.0,0.4005311996421753
985,39.58836,33.483599999999996,6.104759832763676,6.104759832763676,0.0,18.232089239997123
986,37.20902,33.87216,3.3368587072753897,3.3368587072753897,0.0,9.85133132128388
987,34.505363,34.35,0.15536346435546733,0.15536346435546733,0.0,0.45229538385871126
988,32.711044,31.002,1.7090443115234386,1.7090443115234386,0.0,5.512690508752463
989,30.815355,28.728,2.0873553009033188,2.0873553009033188,0.0,7.265926277162764
990,30.401379,27.044999999999998,3.3563786315917987,3.3563786315917987,0.0,12.410348055432793
991,28.550886,25.073999999999998,3.4768861541748066,3.4768861541748066,0.0,13.866499777358246
992,27.772942,23.52,4.252941589355469,4.252941589355469,0.0,18.082234648620194
993,26.149323,22.326,3.8233225097656245,3.8233225097656245,0.0,17.12497764832762
994,23.982555,31.147800000000004,-7.165244610595707,7.165244610595707,0.0,23.00401508483972
995,34.62057,32.42436,2.1962111364746093,2.1962111364746093,0.0,6.773336887681388
996,38.200428,33.213,4.987428009033202,4.987428009033202,0.0,15.016493568883273
997,37.497192,39.150000000000006,-1.6528076171875057,1.6528076171875057,0.0,4.221730822956591
998,41.51024,41.673,-0.16276135253906432,0.16276135253906432,0.0,0.39056787977602836
999,45.109493,44.013,1.0964932556152363,1.0964932556152363,0.0,2.4912940622435107
1000,45.707653,46.059,-0.3513469543457006,0.3513469543457006,0.0,0.7628193281350022
